"Date","Hour","PitID","LUType","Month","Year","tc_e_Avg.1.","tc_e_Avg.2.","tc_e_Avg.3.","tc_e_Avg.4.","tc_e_Avg.5.","tc_e_Avg.6.","tc_e_Avg.7.","tc_e_Avg.8.","tc_e_Avg.9.","tc_e_Avg.10.","tc_e_Avg.11.","tc_e_Avg.12.","filename","DateLong"
"2013-12-13",0,"C2","Forest","Dec",2013,"20.85","22.13","18.71","23.79","21.95","23.12","23.83","24.02","24.26","23.93","24.93","26.29","CR10X_C2_ 20131219.dat",2013-12-13 03:00:00
"2013-12-13",18,"C2","Forest","Dec",2013,"20.9","22.15","18.71","23.8","21.95","23.12","23.82","24.02","24.26","23.93","24.93","26.29","CR10X_C2_ 20131219.dat",2013-12-13 03:00:00
"2013-12-14",0,"C2","Forest","Dec",2013,"21.24","22.02","18.66","23.72","21.93","23.11","23.86","24.02","24.25","23.93","24.92","26.29","CR10X_C2_ 20131219.dat",2013-12-14 03:00:00
"2013-12-14",6,"C2","Forest","Dec",2013,"20.9","22.14","18.71","23.78","21.95","23.12","23.84","24.02","24.26","23.93","24.92","26.29","CR10X_C2_ 20131219.dat",2013-12-14 03:00:00
"2013-12-14",12,"C2","Forest","Dec",2013,"20.86","22.11","18.7","23.77","21.94","23.11","23.84","24.02","24.25","23.93","24.92","26.29","CR10X_C2_ 20131219.dat",2013-12-14 03:00:00
"2013-12-14",18,"C2","Forest","Dec",2013,"20.75","22.03","18.67","23.74","21.93","23.11","23.85","24.02","24.25","23.93","24.92","26.29","CR10X_C2_ 20131219.dat",2013-12-14 03:00:00
"2013-12-15",0,"C2","Forest","Dec",2013,"22.92","24.83","19.94","23.72","21.91","23.1","23.89","24.02","24.26","23.93","24.92","26.29","CR10X_C2_ 20131219.dat",2013-12-15 03:00:00
"2013-12-15",6,"C2","Forest","Dec",2013,"21.37","22.02","18.66","23.72","21.93","23.11","23.87","24.02","24.25","23.93","24.92","26.29","CR10X_C2_ 20131219.dat",2013-12-15 03:00:00
"2013-12-15",12,"C2","Forest","Dec",2013,"24.4","25.85","19.07","23.71","21.92","23.11","23.87","24.02","24.25","23.93","24.92","26.29","CR10X_C2_ 20131219.dat",2013-12-15 03:00:00
"2013-12-15",18,"C2","Forest","Dec",2013,"23.34","25.28","20.04","23.7","21.92","23.1","23.88","24.02","24.25","23.93","24.92","26.29","CR10X_C2_ 20131219.dat",2013-12-15 03:00:00
"2013-12-16",0,"C2","Forest","Dec",2013,"23.68","25.51","20.35","25.78","21.9","23.1","23.92","24.02","24.25","23.94","24.92","26.29","CR10X_C2_ 20131219.dat",2013-12-16 03:00:00
"2013-12-16",6,"C2","Forest","Dec",2013,"24.57","26.01","20.44","23.99","21.91","23.1","23.9","24.02","24.27","23.93","24.92","26.29","CR10X_C2_ 20131219.dat",2013-12-16 03:00:00
"2013-12-16",12,"C2","Forest","Dec",2013,"23.42","25.13","20.15","25.37","21.91","23.1","23.9","24.02","24.26","23.93","24.92","26.29","CR10X_C2_ 20131219.dat",2013-12-16 03:00:00
"2013-12-16",18,"C2","Forest","Dec",2013,"23.7","25.31","20.06","25.54","21.9","23.1","23.91","24.02","24.26","23.94","24.92","26.29","CR10X_C2_ 20131219.dat",2013-12-16 03:00:00
"2013-12-17",0,"C2","Forest","Dec",2013,"22.95","24.34","19.73","25.56","21.98","23.09","23.94","24.02","24.26","23.94","24.92","26.28","CR10X_C2_ 20131219.dat",2013-12-17 03:00:00
"2013-12-17",6,"C2","Forest","Dec",2013,"23.2","24.96","20.07","25.93","21.9","23.1","23.92","24.02","24.25","23.94","24.92","26.29","CR10X_C2_ 20131219.dat",2013-12-17 03:00:00
"2013-12-17",12,"C2","Forest","Dec",2013,"22.97","24.69","19.92","25.81","21.9","23.1","23.93","24.02","24.26","23.94","24.92","26.29","CR10X_C2_ 20131219.dat",2013-12-17 03:00:00
"2013-12-17",18,"C2","Forest","Dec",2013,"22.86","24.45","19.8","25.67","21.93","23.09","23.94","24.02","24.25","23.94","24.92","26.28","CR10X_C2_ 20131219.dat",2013-12-17 03:00:00
"2013-12-18",0,"C2","Forest","Dec",2013,"22.48","24.07","19.59","25.23","22.42","23.1","23.97","24.02","24.27","23.94","24.93","26.28","CR10X_C2_ 20131219.dat",2013-12-18 03:00:00
"2013-12-18",6,"C2","Forest","Dec",2013,"22.85","24.32","19.7","25.47","22.08","23.09","23.95","24.02","24.26","23.94","24.92","26.28","CR10X_C2_ 20131219.dat",2013-12-18 03:00:00
"2013-12-18",12,"C2","Forest","Dec",2013,"22.76","24.28","19.68","25.39","22.2","23.09","23.95","24.02","24.28","23.94","24.93","26.28","CR10X_C2_ 20131219.dat",2013-12-18 03:00:00
"2013-12-18",18,"C2","Forest","Dec",2013,"22.6","24.17","19.63","25.31","22.32","23.09","23.96","24.02","24.28","23.94","24.93","26.28","CR10X_C2_ 20131219.dat",2013-12-18 03:00:00
"2013-12-19",0,"C2","Forest","Dec",2013,"23.26","24.97","19.98","25.94","23.26","23.14","23.99","24.02","24.26","23.95","24.92","26.28","CR10X_C2_ 20131219.dat",2013-12-19 03:00:00
"2013-12-19",6,"C2","Forest","Dec",2013,"23.92","25.73","20.44","25.9","22.5","23.1","23.97","24.02","24.27","23.94","24.92","26.28","CR10X_C2_ 20131219.dat",2013-12-19 03:00:00
"2013-12-19",12,"C2","Forest","Dec",2013,"23.66","25.37","20.28","26.55","22.56","23.11","23.98","24.02","24.26","23.95","24.92","26.28","CR10X_C2_ 20131219.dat",2013-12-19 03:00:00
"2013-12-19",18,"C2","Forest","Dec",2013,"23.27","24.96","20.05","26.2","22.77","23.12","23.98","24.02","24.26","23.95","24.92","26.28","CR10X_C2_ 20131219.dat",2013-12-19 03:00:00
"2013-12-20",6,"C2","Forest","Dec",2013,"23.08","24.81","19.91","25.75","23.47","23.16","23.99","24.02","24.26","23.95","24.92","26.28","CR10X_C2_ 20131219.dat",2013-12-20 03:00:00
"2013-12-20",12,"C2","Forest","Dec",2013,"23.03","24.64","19.84","25.62","23.5","23.19","24","24.02","24.26","23.94","24.92","26.28","CR10X_C2_ 20131219.dat",2013-12-20 03:00:00
"2014-2-22",0,"C2","Forest","Feb",2014,"23.66","26.16","19.18","25.12","23.54","24.56","25.76","25.88","25.66","25.26","25.91","26.53","CR10X_C2_ 20140227.dat",2014-02-22 03:00:00
"2014-2-22",12,"C2","Forest","Feb",2014,"22.42","24.22","18.54","25.2","23.6","24.58","25.7","25.81","25.65","25.26","25.89","26.52","CR10X_C2_ 20140227.dat",2014-02-22 03:00:00
"2014-2-22",18,"C2","Forest","Feb",2014,"23.07","25.33","18.57","25.15","23.58","24.57","25.73","25.84","25.65","25.26","25.9","26.52","CR10X_C2_ 20140227.dat",2014-02-22 03:00:00
"2014-2-23",0,"C2","Forest","Feb",2014,"22.74","24.64","18.73","25.42","23.47","24.49","25.81","26.02","25.7","25.27","25.94","26.56","CR10X_C2_ 20140227.dat",2014-02-23 03:00:00
"2014-2-23",6,"C2","Forest","Feb",2014,"23.28","25.4","19.1","25.43","23.5","24.55","25.78","25.92","25.67","25.26","25.92","26.53","CR10X_C2_ 20140227.dat",2014-02-23 03:00:00
"2014-2-23",12,"C2","Forest","Feb",2014,"23.04","25.05","18.93","25.56","23.47","24.53","25.79","25.95","25.68","25.26","25.92","26.54","CR10X_C2_ 20140227.dat",2014-02-23 03:00:00
"2014-2-23",18,"C2","Forest","Feb",2014,"22.88","24.81","18.81","25.5","23.47","24.51","25.8","25.99","25.69","25.27","25.93","26.54","CR10X_C2_ 20140227.dat",2014-02-23 03:00:00
"2014-2-24",0,"C2","Forest","Feb",2014,"22.3","24.16","18.5","25.11","23.43","24.45","25.8","26.1","25.8","25.32","25.96","26.58","CR10X_C2_ 20140227.dat",2014-02-24 03:00:00
"2014-2-24",6,"C2","Forest","Feb",2014,"22.65","24.53","18.68","25.34","23.48","24.48","25.81","26.05","25.72","25.29","25.94","26.56","CR10X_C2_ 20140227.dat",2014-02-24 03:00:00
"2014-2-24",12,"C2","Forest","Feb",2014,"22.56","24.42","18.63","25.27","23.48","24.47","25.81","26.07","25.74","25.3","25.95","26.56","CR10X_C2_ 20140227.dat",2014-02-24 03:00:00
"2014-2-24",18,"C2","Forest","Feb",2014,"22.39","24.26","18.56","25.18","23.46","24.46","25.8","26.09","25.77","25.31","25.96","26.57","CR10X_C2_ 20140227.dat",2014-02-24 03:00:00
"2014-2-25",0,"C2","Forest","Feb",2014,"23.23","25.44","19.05","26.12","23.38","24.42","25.79","26.13","25.94","25.38","26","26.61","CR10X_C2_ 20140227.dat",2014-02-25 03:00:00
"2014-2-25",6,"C2","Forest","Feb",2014,"22.27","24.1","18.46","25.06","23.41","24.44","25.8","26.12","25.84","25.32","25.98","26.58","CR10X_C2_ 20140227.dat",2014-02-25 03:00:00
"2014-2-25",12,"C2","Forest","Feb",2014,"22.22","24.02","18.43","25.01","23.39","24.43","25.8","26.12","25.88","25.32","25.99","26.59","CR10X_C2_ 20140227.dat",2014-02-25 03:00:00
"2014-2-25",18,"C2","Forest","Feb",2014,"23.18","26.24","19.32","26.06","23.36","24.42","25.79","26.13","25.91","25.34","26","26.6","CR10X_C2_ 20140227.dat",2014-02-25 03:00:00
"2014-2-26",0,"C2","Forest","Feb",2014,"22.49","24.51","18.64","25.5","23.66","24.69","25.79","26.13","26.02","25.49","26.06","26.63","CR10X_C2_ 20140227.dat",2014-02-26 03:00:00
"2014-2-26",6,"C2","Forest","Feb",2014,"23.04","25.12","18.92","25.96","23.52","24.46","25.79","26.13","25.96","25.4","26.02","26.6","CR10X_C2_ 20140227.dat",2014-02-26 03:00:00
"2014-2-26",12,"C2","Forest","Feb",2014,"22.88","24.89","18.82","25.8","23.64","24.58","25.78","26.13","25.99","25.43","26.03","26.61","CR10X_C2_ 20140227.dat",2014-02-26 03:00:00
"2014-2-26",18,"C2","Forest","Feb",2014,"22.64","24.66","18.72","25.64","23.67","24.65","25.79","26.13","26","25.46","26.04","26.62","CR10X_C2_ 20140227.dat",2014-02-26 03:00:00
"2014-2-27",0,"C2","Forest","Feb",2014,"21.99","24","18.37","25.09","23.51","24.72","25.83","26.16","26.06","25.62","26.15","26.67","CR10X_C2_ 20140227.dat",2014-02-27 03:00:00
"2014-2-27",6,"C2","Forest","Feb",2014,"22.41","24.4","18.58","25.39","23.64","24.72","25.8","26.14","26.03","25.52","26.08","26.64","CR10X_C2_ 20140227.dat",2014-02-27 03:00:00
"2014-2-27",12,"C2","Forest","Feb",2014,"22.33","24.3","18.53","25.29","23.61","24.73","25.81","26.14","26.04","25.55","26.1","26.65","CR10X_C2_ 20140227.dat",2014-02-27 03:00:00
"2014-2-27",18,"C2","Forest","Feb",2014,"22.07","24.1","18.43","25.18","23.56","24.73","25.82","26.15","26.05","25.59","26.12","26.66","CR10X_C2_ 20140227.dat",2014-02-27 03:00:00
"2014-2-28",6,"C2","Forest","Feb",2014,"22","23.94","18.32","25.02","23.48","24.71","25.83","26.16","26.07","25.66","26.17","26.68","CR10X_C2_ 20140227.dat",2014-02-28 03:00:00
"2014-2-28",12,"C2","Forest","Feb",2014,"21.98","23.87","18.28","24.96","23.44","24.69","25.84","26.17","26.08","25.68","26.2","26.69","CR10X_C2_ 20140227.dat",2014-02-28 03:00:00
"2015-1-10",0,"C2","Forest","Jan",2015,"22.13","25.26","18.77","24.63","22.45","23.74","25.45","26.38","25.72","23.49","24.44","25.76","CR10X_C2_ 20150127.dat",2015-01-10 03:00:00
"2015-1-10",6,"C2","Forest","Jan",2015,"21.6","24.95","18.43","23.86","22.48","23.77","25.47","26.39","25.71","23.48","24.44","25.76","CR10X_C2_ 20150127.dat",2015-01-10 03:00:00
"2015-1-10",12,"C2","Forest","Jan",2015,"21.7","24.8","18.36","23.89","22.47","23.76","25.47","26.39","25.71","23.48","24.43","25.76","CR10X_C2_ 20150127.dat",2015-01-10 03:00:00
"2015-1-10",18,"C2","Forest","Jan",2015,"22.31","26.17","19.14","24.11","22.46","23.75","25.46","26.39","25.72","23.49","24.44","25.76","CR10X_C2_ 20150127.dat",2015-01-10 03:00:00
"2015-1-11",0,"C2","Forest","Jan",2015,"21.96","24.37","18.34","24.56","22.41","23.7","25.43","26.37","25.73","23.53","24.44","25.76","CR10X_C2_ 20150127.dat",2015-01-11 03:00:00
"2015-1-11",6,"C2","Forest","Jan",2015,"22.06","24.95","18.62","24.68","22.45","23.73","25.45","26.38","25.73","23.5","24.44","25.76","CR10X_C2_ 20150127.dat",2015-01-11 03:00:00
"2015-1-11",12,"C2","Forest","Jan",2015,"21.99","24.74","18.52","24.66","22.44","23.72","25.44","26.37","25.73","23.51",NA,"25.75","CR10X_C2_ 20150127.dat",2015-01-11 03:00:00
"2015-1-11",18,"C2","Forest","Jan",2015,"21.89","24.51","18.42","24.61","22.41","23.71","25.43","26.37","25.73","23.52",NA,"25.75","CR10X_C2_ 20150127.dat",2015-01-11 03:00:00
"2015-1-12",0,"C2","Forest","Jan",2015,"21.87","24.04","18.18","24.41","22.41","23.65","25.4","26.35","25.73","23.59","24.44","25.76","CR10X_C2_ 20150127.dat",2015-01-12 03:00:00
"2015-1-12",6,"C2","Forest","Jan",2015,"21.93","24.31","18.3","24.53","22.41","23.69","25.42","26.36","25.73","23.54","24.44","25.76","CR10X_C2_ 20150127.dat",2015-01-12 03:00:00
"2015-1-12",12,"C2","Forest","Jan",2015,"21.88","24.25","18.28","24.49","22.42","23.68","25.41","26.36","25.73","23.56",NA,"25.76","CR10X_C2_ 20150127.dat",2015-01-12 03:00:00
"2015-1-12",18,"C2","Forest","Jan",2015,"21.75","24.11","18.22","24.45","22.4","23.66","25.4","26.35","25.73","23.57",NA,"25.76","CR10X_C2_ 20150127.dat",2015-01-12 03:00:00
"2015-1-13",0,"C2","Forest","Jan",2015,"21.6","23.72","18.06","24.29","22.41","23.62","25.37","26.33","25.73","23.72",NA,"25.76","CR10X_C2_ 20150127.dat",2015-01-13 03:00:00
"2015-1-13",6,"C2","Forest","Jan",2015,"21.88","23.98","18.16","24.39","22.42","23.65","25.39","26.34","25.73","23.62","24.44","25.76","CR10X_C2_ 20150127.dat",2015-01-13 03:00:00
"2015-1-13",12,"C2","Forest","Jan",2015,"21.86","23.93","18.14","24.36","22.43","23.64","25.38","26.34","25.73","23.65",NA,"25.76","CR10X_C2_ 20150127.dat",2015-01-13 03:00:00
"2015-1-13",18,"C2","Forest","Jan",2015,"21.68","23.79","18.09","24.32","22.41","23.62","25.38","26.34","25.73","23.68",NA,"25.76","CR10X_C2_ 20150127.dat",2015-01-13 03:00:00
"2015-1-14",0,"C2","Forest","Jan",2015,"21.64","23.49","17.97","24.18","22.4","23.59","25.34","26.31","25.73","23.95","24.45","25.76","CR10X_C2_ 20150127.dat",2015-01-14 03:00:00
"2015-1-14",6,"C2","Forest","Jan",2015,"21.56","23.69","18.05","24.26","22.41","23.61","25.36","26.33","25.73","23.76","24.44","25.76","CR10X_C2_ 20150127.dat",2015-01-14 03:00:00
"2015-1-14",12,"C2","Forest","Jan",2015,"21.51","23.65","18.04","24.24","22.42","23.6","25.35","26.32","25.73","23.82","24.45","25.76","CR10X_C2_ 20150127.dat",2015-01-14 03:00:00
"2015-1-14",18,"C2","Forest","Jan",2015,"21.35","23.52","17.99","24.2","22.4","23.59","25.35","26.32","25.73","23.88",NA,"25.76","CR10X_C2_ 20150127.dat",2015-01-14 03:00:00
"2015-1-15",0,"C2","Forest","Jan",2015,"21.92","26.48","19.06","24.1","22.38","23.56","25.32","26.29","25.72","24.26","24.45","25.76","CR10X_C2_ 20150127.dat",2015-01-15 03:00:00
"2015-1-15",6,"C2","Forest","Jan",2015,"21.6","23.55","17.96","24.16","22.4","23.58","25.33","26.31","25.73","24.02","24.45","25.76","CR10X_C2_ 20150127.dat",2015-01-15 03:00:00
"2015-1-15",12,"C2","Forest","Jan",2015,"21.56","23.57","17.95","24.14","22.4","23.58","25.33","26.3","25.72","24.1",NA,"25.76","CR10X_C2_ 20150127.dat",2015-01-15 03:00:00
"2015-1-15",18,"C2","Forest","Jan",2015,"21.54","24.75","18.07","24.1","22.38","23.57","25.32","26.3","25.72","24.18",NA,"25.76","CR10X_C2_ 20150127.dat",2015-01-15 03:00:00
"2015-1-16",0,"C2","Forest","Jan",2015,"21.76","24.56","18.5","24.68","22.35","23.53","25.29","26.27","25.72","24.52","24.45","25.76","CR10X_C2_ 20150127.dat",2015-01-16 03:00:00
"2015-1-16",6,"C2","Forest","Jan",2015,"22.03","25.5","18.95","24.61","22.38","23.56","25.31","26.29","25.72","24.33","24.45","25.76","CR10X_C2_ 20150127.dat",2015-01-16 03:00:00
"2015-1-16",12,"C2","Forest","Jan",2015,"21.98","25.06","18.74","24.76","22.38","23.55","25.3","26.28","25.72","24.4","24.45","25.76","CR10X_C2_ 20150127.dat",2015-01-16 03:00:00
"2015-1-16",18,"C2","Forest","Jan",2015,"21.85","24.75","18.59","24.73","22.36","23.54","25.3","26.28","25.72","24.46",NA,"25.76","CR10X_C2_ 20150127.dat",2015-01-16 03:00:00
"2015-1-17",0,"C2","Forest","Jan",2015,"21.6","24.13","18.33","24.52","22.37","23.52","25.27","26.26","25.71","24.7","24.46","25.76","CR10X_C2_ 20150127.dat",2015-01-17 03:00:00
"2015-1-17",6,"C2","Forest","Jan",2015,"21.73","24.43","18.45","24.64","22.36","23.53","25.29","26.27","25.71","24.57","24.45","25.76","CR10X_C2_ 20150127.dat",2015-01-17 03:00:00
"2015-1-17",12,"C2","Forest","Jan",2015,"21.69","24.32","18.4","24.6","22.36","23.53","25.28","26.27","25.71","24.62","24.46","25.76","CR10X_C2_ 20150127.dat",2015-01-17 03:00:00
"2015-1-17",18,"C2","Forest","Jan",2015,"21.64","24.21","18.36","24.56","22.37","23.52","25.28","26.26","25.71","24.66","24.46","25.76","CR10X_C2_ 20150127.dat",2015-01-17 03:00:00
"2015-1-18",0,"C2","Forest","Jan",2015,"21.44","23.84","18.23","24.4","22.38","23.5","25.25","26.24","25.7","24.83","24.49","25.76","CR10X_C2_ 20150127.dat",2015-01-18 03:00:00
"2015-1-18",6,"C2","Forest","Jan",2015,"21.58","24.06","18.3","24.49","22.38","23.51","25.27","26.25","25.71","24.74","24.46","25.76","CR10X_C2_ 20150127.dat",2015-01-18 03:00:00
"2015-1-18",12,"C2","Forest","Jan",2015,"21.56","24.01","18.28","24.46","22.39","23.51","25.26","26.25","25.71","24.77","24.46","25.76","CR10X_C2_ 20150127.dat",2015-01-18 03:00:00
"2015-1-18",18,"C2","Forest","Jan",2015,"21.49","23.91","18.26","24.43","22.38","23.5","25.26","26.24","25.7","24.8","24.48","25.76","CR10X_C2_ 20150127.dat",2015-01-18 03:00:00
"2015-1-19",0,"C2","Forest","Jan",2015,"21.26","23.59","18.15","24.28","22.38","23.48","25.23","26.23","25.69","24.92","24.5","25.76","CR10X_C2_ 20150127.dat",2015-01-19 03:00:00
"2015-1-19",6,"C2","Forest","Jan",2015,"21.43","23.8","18.21","24.37","22.38","23.5","25.25","26.24","25.7","24.85","24.49","25.76","CR10X_C2_ 20150127.dat",2015-01-19 03:00:00
"2015-1-19",12,"C2","Forest","Jan",2015,"21.4","23.74","18.2","24.34","22.39","23.49","25.24","26.23","25.7","24.88",NA,"25.76","CR10X_C2_ 20150127.dat",2015-01-19 03:00:00
"2015-1-19",18,"C2","Forest","Jan",2015,"21.28","23.63","18.16","24.31","22.38","23.49","25.24","26.23","25.69","24.9",NA,"25.76","CR10X_C2_ 20150127.dat",2015-01-19 03:00:00
"2015-1-20",0,"C2","Forest","Jan",2015,"21.06","23.36","18.09","24.18","22.36","23.47","25.21","26.21","25.69","24.99",NA,"25.76","CR10X_C2_ 20150127.dat",2015-01-20 03:00:00
"2015-1-20",6,"C2","Forest","Jan",2015,"21.24","23.56","18.14","24.26","22.38","23.48","25.23","26.22","25.69","24.94","24.51","25.76","CR10X_C2_ 20150127.dat",2015-01-20 03:00:00
"2015-1-20",12,"C2","Forest","Jan",2015,"21.21","23.51","18.13","24.24","22.38","23.48","25.22","26.22","25.69","24.96",NA,"25.76","CR10X_C2_ 20150127.dat",2015-01-20 03:00:00
"2015-1-20",18,"C2","Forest","Jan",2015,"21.08","23.4","18.1","24.2","22.36","23.47","25.22","26.21","25.69","24.97",NA,"25.76","CR10X_C2_ 20150127.dat",2015-01-20 03:00:00
"2015-1-21",0,"C2","Forest","Jan",2015,"20.79","23.08","18.03","24.07","22.33","23.45","25.19","26.19","25.68","25.04",NA,"25.76","CR10X_C2_ 20150127.dat",2015-01-21 03:00:00
"2015-1-21",6,"C2","Forest","Jan",2015,"21.05","23.34","18.08","24.16","22.37","23.47","25.21","26.2","25.68","25","24.52","25.76","CR10X_C2_ 20150127.dat",2015-01-21 03:00:00
"2015-1-21",12,"C2","Forest","Jan",2015,"21.02","23.29","18.07","24.14","22.37","23.47","25.2","26.2","25.68","25.02",NA,"25.76","CR10X_C2_ 20150127.dat",2015-01-21 03:00:00
"2015-1-21",18,"C2","Forest","Jan",2015,"20.85","23.14","18.04","24.1","22.34","23.46","25.2","26.19","25.68","25.03",NA,"25.76","CR10X_C2_ 20150127.dat",2015-01-21 03:00:00
"2015-1-22",0,"C2","Forest","Jan",2015,"20.64","22.88","17.98","23.97","22.31","23.44","25.17","26.17","25.67","25.08","24.54","25.76","CR10X_C2_ 20150127.dat",2015-01-22 03:00:00
"2015-1-22",6,"C2","Forest","Jan",2015,"20.79","23.06","18.02","24.05","22.33","23.45","25.19","26.19","25.68","25.05",NA,"25.76","CR10X_C2_ 20150127.dat",2015-01-22 03:00:00
"2015-1-22",12,"C2","Forest","Jan",2015,"20.76","23.02","18.01","24.03","22.33","23.45","25.18","26.18","25.68","25.06","24.53","25.76","CR10X_C2_ 20150127.dat",2015-01-22 03:00:00
"2015-1-22",18,"C2","Forest","Jan",2015,"20.66","22.91","17.99","23.99","22.32","23.44","25.18","26.18","25.67","25.07",NA,"25.76","CR10X_C2_ 20150127.dat",2015-01-22 03:00:00
"2015-1-23",0,"C2","Forest","Jan",2015,"20.4","22.57","17.91","23.87","22.26","23.42","25.15","26.16","25.66","25.11",NA,"25.76","CR10X_C2_ 20150127.dat",2015-01-23 03:00:00
"2015-1-23",6,"C2","Forest","Jan",2015,"20.64","22.87","17.96","23.96","22.31","23.44","25.17","26.17","25.66","25.09","24.54","25.76","CR10X_C2_ 20150127.dat",2015-01-23 03:00:00
"2015-1-23",12,"C2","Forest","Jan",2015,"20.61","22.82","17.95","23.94","22.31","23.44","25.16","26.17","25.66","25.09",NA,"25.76","CR10X_C2_ 20150127.dat",2015-01-23 03:00:00
"2015-1-23",18,"C2","Forest","Jan",2015,"20.45","22.64","17.92","23.89","22.28","23.42","25.16","26.16","25.66","25.1",NA,"25.76","CR10X_C2_ 20150127.dat",2015-01-23 03:00:00
"2015-1-24",0,"C2","Forest","Jan",2015,"20.25","22.34","17.86","23.78","22.23","23.4","25.13","26.15","25.65","25.13","24.57","25.76","CR10X_C2_ 20150127.dat",2015-01-24 03:00:00
"2015-1-24",6,"C2","Forest","Jan",2015,"20.4","22.57","17.9","23.85","22.27","23.42","25.14","26.16","25.65","25.11","24.57","25.76","CR10X_C2_ 20150127.dat",2015-01-24 03:00:00
"2015-1-24",12,"C2","Forest","Jan",2015,"20.37","22.52","17.89","23.83","22.27","23.41","25.14","26.15","25.65","25.12",NA,"25.76","CR10X_C2_ 20150127.dat",2015-01-24 03:00:00
"2015-1-24",18,"C2","Forest","Jan",2015,"20.27","22.37","17.86","23.79","22.24","23.4","25.13","26.15","25.65","25.12",NA,"25.76","CR10X_C2_ 20150127.dat",2015-01-24 03:00:00
"2015-1-25",0,"C2","Forest","Jan",2015,"22.29","24.22","17.87","23.72","22.23","23.38","25.12","26.13","25.64","25.15","24.61","25.76","CR10X_C2_ 20150127.dat",2015-01-25 03:00:00
"2015-1-25",6,"C2","Forest","Jan",2015,"20.25","22.34","17.86","23.77","22.24","23.39","25.12","26.14","25.65","25.13","24.58","25.76","CR10X_C2_ 20150127.dat",2015-01-25 03:00:00
"2015-1-25",12,"C2","Forest","Jan",2015,"20.24","22.31","17.85","23.75","22.23","23.39","25.12","26.14","25.64","25.14","24.59","25.76","CR10X_C2_ 20150127.dat",2015-01-25 03:00:00
"2015-1-25",18,"C2","Forest","Jan",2015,"22.36","23.6","17.86","23.73","22.23","23.38","25.12","26.13","25.64","25.14","24.59","25.76","CR10X_C2_ 20150127.dat",2015-01-25 03:00:00
"2015-1-26",0,"C2","Forest","Jan",2015,"22.16","23.77","17.92","23.68","22.32","23.37","25.11","26.12","25.63","25.16","24.64","25.77","CR10X_C2_ 20150127.dat",2015-01-26 03:00:00
"2015-1-26",6,"C2","Forest","Jan",2015,"22.33","24.06","17.87","23.71","22.23","23.38","25.11","26.13","25.64","25.15","24.61","25.76","CR10X_C2_ 20150127.dat",2015-01-26 03:00:00
"2015-1-26",12,"C2","Forest","Jan",2015,"22.29","23.93","17.88","23.7","22.23","23.38","25.11","26.12","25.64","25.15","24.62","25.77","CR10X_C2_ 20150127.dat",2015-01-26 03:00:00
"2015-1-26",18,"C2","Forest","Jan",2015,"22.2","23.84","17.9","23.69","22.22","23.37","25.11","26.12","25.64","25.16","24.63","25.77","CR10X_C2_ 20150127.dat",2015-01-26 03:00:00
"2015-1-27",0,"C2","Forest","Jan",2015,"21.92","23.52","18.02","23.65","22.19","23.35","25.1","26.11","25.62","25.17","24.69","25.77","CR10X_C2_ 20150127.dat",2015-01-27 03:00:00
"2015-1-27",6,"C2","Forest","Jan",2015,"22.1","23.72","17.94","23.68","22.22","23.37","25.1","26.11","25.63","25.16","24.66","25.77","CR10X_C2_ 20150127.dat",2015-01-27 03:00:00
"2015-1-27",12,"C2","Forest","Jan",2015,"22.08","23.67","17.95","23.67","22.22","23.36","25.1","26.11","25.63","25.16","24.67","25.77","CR10X_C2_ 20150127.dat",2015-01-27 03:00:00
"2015-1-27",18,"C2","Forest","Jan",2015,"21.97","23.57","17.98","23.65","22.2","23.36","25.1","26.11","25.63","25.17","24.68","25.77","CR10X_C2_ 20150127.dat",2015-01-27 03:00:00
"2015-1-28",6,"C2","Forest","Jan",2015,"21.88","23.49","18.02","23.65","22.19","23.35","25.09","26.1","25.62","25.17","24.71","25.77","CR10X_C2_ 20150127.dat",2015-01-28 03:00:00
"2015-1-9",0,"C2","Forest","Jan",2015,"21.62","25.39","18.51","23.85","22.49","23.78","25.48","26.4","25.7","23.47","24.43","25.76","CR10X_C2_ 20150127.dat",2015-01-09 03:00:00
"2015-1-9",18,"C2","Forest","Jan",2015,"21.64","25.77","18.19","23.86","22.49","23.79","25.49","26.4","25.7","23.47",NA,"25.75","CR10X_C2_ 20150127.dat",2015-01-09 03:00:00
"2013-12-12",18,"K4","Forest","Dec",2013,"23.31","23.58","23.46","23.5","23.56","23.49","23.44","23.47","NAN","NAN","NAN","NAN","CR1000_K4_ 20131219.dat",2013-12-12 18:00:00
"2013-12-13",0,"K4","Forest","Dec",2013,"21.89","23.58","23.55","23.59","23.65","23.56","23.53","23.56","NAN","NAN","NAN","NAN","CR1000_K4_ 20131219.dat",2013-12-13 00:00:00
"2013-12-13",6,"K4","Forest","Dec",2013,"21.42","23.33","23.56","23.62","23.67","23.59","23.56","23.58","NAN","NAN","NAN","NAN","CR1000_K4_ 20131219.dat",2013-12-13 06:00:00
"2013-12-13",12,"K4","Forest","Dec",2013,"23.06","23.08","23.43","23.57","23.62","23.51","23.53","23.55","NAN","NAN","NAN","NAN","CR1000_K4_ 20131219.dat",2013-12-13 12:00:00
"2013-12-13",18,"K4","Forest","Dec",2013,"24.21","23.47","23.31","23.5","23.57","23.49","23.44","23.47","NAN","NAN","NAN","NAN","CR1000_K4_ 20131219.dat",2013-12-13 18:00:00
"2013-12-14",0,"K4","Forest","Dec",2013,"21.5","23.5","23.47","23.62","23.69","23.6","23.57","23.59","NAN","NAN","NAN","NAN","CR1000_K4_ 20131219.dat",2013-12-14 00:00:00
"2013-12-14",6,"K4","Forest","Dec",2013,"21.08","23.11","23.46","23.6","23.67","23.57","23.55","23.57","NAN","NAN","NAN","NAN","CR1000_K4_ 20131219.dat",2013-12-14 06:00:00
"2013-12-14",12,"K4","Forest","Dec",2013,"21.66","22.32","23.26","23.6","23.67","23.57","23.56","23.58","NAN","NAN","NAN","NAN","CR1000_K4_ 20131219.dat",2013-12-14 12:00:00
"2013-12-14",18,"K4","Forest","Dec",2013,"24.79","22.73","23.01","23.47","23.57","23.45","23.45","23.48","NAN","NAN","NAN","NAN","CR1000_K4_ 20131219.dat",2013-12-14 18:00:00
"2013-12-15",0,"K4","Forest","Dec",2013,"22.31","23.25","23.13","23.52","23.65","23.55","23.52","23.54","NAN","NAN","NAN","NAN","CR1000_K4_ 20131219.dat",2013-12-15 00:00:00
"2013-12-15",6,"K4","Forest","Dec",2013,"21.07","22.69","23.2","23.53","23.69","23.6","23.56","23.59","NAN","NAN","NAN","NAN","CR1000_K4_ 20131219.dat",2013-12-15 06:00:00
"2013-12-15",12,"K4","Forest","Dec",2013,"22.89","22.63","23.08","23.44","23.62","23.5","23.51","23.54","NAN","NAN","NAN","NAN","CR1000_K4_ 20131219.dat",2013-12-15 12:00:00
"2013-12-15",18,"K4","Forest","Dec",2013,"24.64","23.16","23.01","23.38","23.59","23.5","23.47","23.49","NAN","NAN","NAN","NAN","CR1000_K4_ 20131219.dat",2013-12-15 18:00:00
"2013-12-16",0,"K4","Forest","Dec",2013,"22.64","23.39","23.15","23.41","23.65","23.55","23.52","23.55","NAN","NAN","NAN","NAN","CR1000_K4_ 20131219.dat",2013-12-16 00:00:00
"2013-12-16",6,"K4","Forest","Dec",2013,"21.65","23.25","23.26","23.45","23.7","23.6","23.57","23.6","NAN","NAN","NAN","NAN","CR1000_K4_ 20131219.dat",2013-12-16 06:00:00
"2013-12-16",12,"K4","Forest","Dec",2013,"23.63","23.03","23.19","23.37","23.61","23.5","23.51","23.54","NAN","NAN","NAN","NAN","CR1000_K4_ 20131219.dat",2013-12-16 12:00:00
"2013-12-16",18,"K4","Forest","Dec",2013,"24.63","23.49","23.15","23.34","23.59","23.51","23.46","23.49","NAN","NAN","NAN","NAN","CR1000_K4_ 20131219.dat",2013-12-16 18:00:00
"2013-12-17",0,"K4","Forest","Dec",2013,"22.07","23.61","23.31","23.43","23.66","23.58","23.55","23.58","NAN","NAN","NAN","NAN","CR1000_K4_ 20131219.dat",2013-12-17 00:00:00
"2013-12-17",6,"K4","Forest","Dec",2013,"21.95","23.33","23.37","23.45","23.67","23.59","23.56","23.59","NAN","NAN","NAN","NAN","CR1000_K4_ 20131219.dat",2013-12-17 06:00:00
"2013-12-17",12,"K4","Forest","Dec",2013,"22.91","23.15","23.3","23.41","23.61","23.53","23.52","23.55","NAN","NAN","NAN","NAN","CR1000_K4_ 20131219.dat",2013-12-17 12:00:00
"2013-12-17",18,"K4","Forest","Dec",2013,"25.87","23.44","23.19","23.34","23.54","23.45","23.45","23.47","NAN","NAN","NAN","NAN","CR1000_K4_ 20131219.dat",2013-12-17 18:00:00
"2013-12-18",0,"K4","Forest","Dec",2013,"23.61","23.9","23.32","23.4","23.6","23.54","23.49","23.51","NAN","NAN","NAN","NAN","CR1000_K4_ 20131219.dat",2013-12-18 00:00:00
"2013-12-18",6,"K4","Forest","Dec",2013,"20.99","22.63","23.26","23.49","23.67","23.61","23.57","23.6","NAN","NAN","NAN","NAN","CR1000_K4_ 20131219.dat",2013-12-18 06:00:00
"2013-12-18",12,"K4","Forest","Dec",2013,"22.53","22.42","23.15","23.46","23.62","23.54","23.54","23.57","NAN","NAN","NAN","NAN","CR1000_K4_ 20131219.dat",2013-12-18 12:00:00
"2013-12-18",18,"K4","Forest","Dec",2013,"23.84","23.09","23.07","23.4","23.57","23.52","23.49","23.52","NAN","NAN","NAN","NAN","CR1000_K4_ 20131219.dat",2013-12-18 18:00:00
"2013-12-19",0,"K4","Forest","Dec",2013,"22.31","23.37","23.21","23.45","23.64","23.59","23.55","23.57","NAN","NAN","NAN","NAN","CR1000_K4_ 20131219.dat",2013-12-19 00:00:00
"2013-12-19",6,"K4","Forest","Dec",2013,"21.83","23.22","23.28","23.45","23.66","23.61","23.57","23.59","NAN","NAN","NAN","NAN","CR1000_K4_ 20131219.dat",2013-12-19 06:00:00
"2013-12-19",12,"K4","Forest","Dec",2013,"22.09","23.02","23.25","23.43","23.64","23.58","23.56","23.58","NAN","NAN","NAN","NAN","CR1000_K4_ 20131219.dat",2013-12-19 12:00:00
"2015-1-10",0,"K4","Forest","Jan",2015,"20.74","22.44","22.9","23.31","23.41","23.29","23.27","23.28","NAN","NAN","NAN","NAN","CR1000_K4_ 20150127.dat",2015-01-10 00:00:00
"2015-1-10",6,"K4","Forest","Jan",2015,"19.5","22.17","22.85","23.32","23.44","23.32","23.31","23.33","NAN","NAN","NAN","NAN","CR1000_K4_ 20150127.dat",2015-01-10 06:00:00
"2015-1-10",12,"K4","Forest","Jan",2015,"21.84","21.85","22.64","23.22","23.36","23.2","23.26","23.28","NAN","NAN","NAN","NAN","CR1000_K4_ 20150127.dat",2015-01-10 12:00:00
"2015-1-10",18,"K4","Forest","Jan",2015,"24.72","22.66","22.39","23.02","23.23","23.12","23.06","23.08","NAN","NAN","NAN","NAN","CR1000_K4_ 20150127.dat",2015-01-10 18:00:00
"2015-1-11",0,"K4","Forest","Jan",2015,"22.03","23.06","22.65","23.13","23.34","23.23","23.21","23.23","NAN","NAN","NAN","NAN","CR1000_K4_ 20150127.dat",2015-01-11 00:00:00
"2015-1-11",6,"K4","Forest","Jan",2015,"21.01","22.81","22.81","23.15","23.4","23.29","23.27","23.29","NAN","NAN","NAN","NAN","CR1000_K4_ 20150127.dat",2015-01-11 06:00:00
"2015-1-11",12,"K4","Forest","Jan",2015,"23.5","22.51","22.73","23.06","23.3","23.15","23.21","23.22","NAN","NAN","NAN","NAN","CR1000_K4_ 20150127.dat",2015-01-11 12:00:00
"2015-1-11",18,"K4","Forest","Jan",2015,"23.7","23.34","22.65","22.97","23.24","23.16","23.08","23.1","NAN","NAN","NAN","NAN","CR1000_K4_ 20150127.dat",2015-01-11 18:00:00
"2015-1-12",0,"K4","Forest","Jan",2015,"20.18","23.12","22.98","23.16","23.42","23.33","23.3","23.32","NAN","NAN","NAN","NAN","CR1000_K4_ 20150127.dat",2015-01-12 00:00:00
"2015-1-12",6,"K4","Forest","Jan",2015,"19.62","22.48","22.97","23.18","23.43","23.33","23.32","23.33","NAN","NAN","NAN","NAN","CR1000_K4_ 20150127.dat",2015-01-12 06:00:00
"2015-1-12",12,"K4","Forest","Jan",2015,"22.03","22.09","22.75","23.11","23.34","23.21","23.26","23.28","NAN","NAN","NAN","NAN","CR1000_K4_ 20150127.dat",2015-01-12 12:00:00
"2015-1-12",18,"K4","Forest","Jan",2015,"25.4","22.88","22.47","22.93","23.16","23.08","23.06","23.07","NAN","NAN","NAN","NAN","CR1000_K4_ 20150127.dat",2015-01-12 18:00:00
"2015-1-13",0,"K4","Forest","Jan",2015,"22.79","23.46","22.71","23.03","23.29","23.23","23.17","23.18","NAN","NAN","NAN","NAN","CR1000_K4_ 20150127.dat",2015-01-13 00:00:00
"2015-1-13",6,"K4","Forest","Jan",2015,"20.89","23.15","22.95","23.12","23.38","23.31","23.27","23.28","NAN","NAN","NAN","NAN","CR1000_K4_ 20150127.dat",2015-01-13 06:00:00
"2015-1-13",12,"K4","Forest","Jan",2015,"22.6","22.7","22.91","23.07","23.32","23.2","23.24","23.26","NAN","NAN","NAN","NAN","CR1000_K4_ 20150127.dat",2015-01-13 12:00:00
"2015-1-13",18,"K4","Forest","Jan",2015,"25.16","23.15","22.7","22.93","23.17","23.1","23.05","23.07","NAN","NAN","NAN","NAN","CR1000_K4_ 20150127.dat",2015-01-13 18:00:00
"2015-1-14",0,"K4","Forest","Jan",2015,"19.95","23.24","23.03","23.17","23.41","23.35","23.29","23.31","NAN","NAN","NAN","NAN","CR1000_K4_ 20150127.dat",2015-01-14 00:00:00
"2015-1-14",6,"K4","Forest","Jan",2015,"19.4","22.54","23.04","23.19","23.42","23.34","23.32","23.34","NAN","NAN","NAN","NAN","CR1000_K4_ 20150127.dat",2015-01-14 06:00:00
"2015-1-14",12,"K4","Forest","Jan",2015,"21.99","22.06","22.8","23.11","23.32","23.22","23.26","23.28","NAN","NAN","NAN","NAN","CR1000_K4_ 20150127.dat",2015-01-14 12:00:00
"2015-1-14",18,"K4","Forest","Jan",2015,"24.54","22.95","22.52","22.95","23.18","23.14","23.06","23.08","NAN","NAN","NAN","NAN","CR1000_K4_ 20150127.dat",2015-01-14 18:00:00
"2015-1-15",0,"K4","Forest","Jan",2015,"19.89","22.77","22.84","23.15","23.39","23.34","23.28","23.3","NAN","NAN","NAN","NAN","CR1000_K4_ 20150127.dat",2015-01-15 00:00:00
"2015-1-15",6,"K4","Forest","Jan",2015,"18.86","22.15","22.89","23.19","23.43","23.37","23.35","23.36","NAN","NAN","NAN","NAN","CR1000_K4_ 20150127.dat",2015-01-15 06:00:00
"2015-1-15",12,"K4","Forest","Jan",2015,"21.09","21.69","22.62","23.11","23.35","23.26","23.29","23.31","NAN","NAN","NAN","NAN","CR1000_K4_ 20150127.dat",2015-01-15 12:00:00
"2015-1-15",18,"K4","Forest","Jan",2015,"24.19","22.19","22.31","22.94","23.2","23.13","23.13","23.15","NAN","NAN","NAN","NAN","CR1000_K4_ 20150127.dat",2015-01-15 18:00:00
"2015-1-16",0,"K4","Forest","Jan",2015,"22.15","22.83","22.44","23","23.29","23.25","23.2","23.21","NAN","NAN","NAN","NAN","CR1000_K4_ 20150127.dat",2015-01-16 00:00:00
"2015-1-16",6,"K4","Forest","Jan",2015,"20.63","22.62","22.62","23.05","23.36","23.31","23.29","23.3","NAN","NAN","NAN","NAN","CR1000_K4_ 20150127.dat",2015-01-16 06:00:00
"2015-1-16",12,"K4","Forest","Jan",2015,"22.02","22.29","22.59","22.98","23.31","23.24","23.24","23.26","NAN","NAN","NAN","NAN","CR1000_K4_ 20150127.dat",2015-01-16 12:00:00
"2015-1-16",18,"K4","Forest","Jan",2015,"23.24","22.48","22.5","22.93","23.27","23.21","23.2","23.21","NAN","NAN","NAN","NAN","CR1000_K4_ 20150127.dat",2015-01-16 18:00:00
"2015-1-17",0,"K4","Forest","Jan",2015,"21.34","22.67","22.58","22.97","23.32","23.29","23.24","23.25","NAN","NAN","NAN","NAN","CR1000_K4_ 20150127.dat",2015-01-17 00:00:00
"2015-1-17",6,"K4","Forest","Jan",2015,"19.94","22.38","22.67","23.03","23.39","23.35","23.31","23.33","NAN","NAN","NAN","NAN","CR1000_K4_ 20150127.dat",2015-01-17 06:00:00
"2015-1-17",12,"K4","Forest","Jan",2015,"21.38","22.04","22.56","22.98","23.33","23.27","23.28","23.3","NAN","NAN","NAN","NAN","CR1000_K4_ 20150127.dat",2015-01-17 12:00:00
"2015-1-17",18,"K4","Forest","Jan",2015,"24.38","22.3","22.36","22.87","23.22","23.18","23.17","23.18","NAN","NAN","NAN","NAN","CR1000_K4_ 20150127.dat",2015-01-17 18:00:00
"2015-1-18",0,"K4","Forest","Jan",2015,"21.87","22.71","22.46","22.92","23.29","23.27","23.22","23.23","NAN","NAN","NAN","NAN","CR1000_K4_ 20150127.dat",2015-01-18 00:00:00
"2015-1-18",6,"K4","Forest","Jan",2015,"20.91","22.51","22.58","22.96","23.34","23.3","23.28","23.3","NAN","NAN","NAN","NAN","CR1000_K4_ 20150127.dat",2015-01-18 06:00:00
"2015-1-18",12,"K4","Forest","Jan",2015,"23.13","22.29","22.49","22.87","23.24","23.2","23.21","23.23","NAN","NAN","NAN","NAN","CR1000_K4_ 20150127.dat",2015-01-18 12:00:00
"2015-1-18",18,"K4","Forest","Jan",2015,"23.33","22.86","22.46","22.84","23.22","23.22","23.16","23.17","NAN","NAN","NAN","NAN","CR1000_K4_ 20150127.dat",2015-01-18 18:00:00
"2015-1-19",0,"K4","Forest","Jan",2015,"21.05","22.86","22.65","22.93","23.32","23.3","23.26","23.27","NAN","NAN","NAN","NAN","CR1000_K4_ 20150127.dat",2015-01-19 00:00:00
"2015-1-19",6,"K4","Forest","Jan",2015,"19.78","22.46","22.74","22.99","23.37","23.36","23.33","23.35","NAN","NAN","NAN","NAN","CR1000_K4_ 20150127.dat",2015-01-19 06:00:00
"2015-1-19",12,"K4","Forest","Jan",2015,"22.98","22.05","22.53","22.87","23.24","23.18","23.24","23.25","NAN","NAN","NAN","NAN","CR1000_K4_ 20150127.dat",2015-01-19 12:00:00
"2015-1-19",18,"K4","Forest","Jan",2015,"24.19","22.73","22.39","22.8","23.18","23.18","23.12","23.13","NAN","NAN","NAN","NAN","CR1000_K4_ 20150127.dat",2015-01-19 18:00:00
"2015-1-20",0,"K4","Forest","Jan",2015,"21.82","22.9","22.58","22.89","23.27","23.27","23.22","23.24","NAN","NAN","NAN","NAN","CR1000_K4_ 20150127.dat",2015-01-20 00:00:00
"2015-1-20",6,"K4","Forest","Jan",2015,"20.71","22.63","22.71","22.95","23.32","23.31","23.29","23.3","NAN","NAN","NAN","NAN","CR1000_K4_ 20150127.dat",2015-01-20 06:00:00
"2015-1-20",12,"K4","Forest","Jan",2015,"23.24","22.32","22.59","22.87","23.23","23.19","23.22","23.24","NAN","NAN","NAN","NAN","CR1000_K4_ 20150127.dat",2015-01-20 12:00:00
"2015-1-20",18,"K4","Forest","Jan",2015,"27.09","22.94","22.38","22.68","23.05","23.04","23.01","23.03","NAN","NAN","NAN","NAN","CR1000_K4_ 20150127.dat",2015-01-20 18:00:00
"2015-1-21",0,"K4","Forest","Jan",2015,"23.72","23.56","22.66","22.83","23.2","23.21","23.14","23.15","NAN","NAN","NAN","NAN","CR1000_K4_ 20150127.dat",2015-01-21 00:00:00
"2015-1-21",6,"K4","Forest","Jan",2015,"21.53","23.32","22.91","22.92","23.28","23.28","23.25","23.26","NAN","NAN","NAN","NAN","CR1000_K4_ 20150127.dat",2015-01-21 06:00:00
"2015-1-21",12,"K4","Forest","Jan",2015,"23.49","22.92","22.89","22.9","23.22","23.2","23.22","23.23","NAN","NAN","NAN","NAN","CR1000_K4_ 20150127.dat",2015-01-21 12:00:00
"2015-1-21",18,"K4","Forest","Jan",2015,"22.54","23.14","22.87","22.92","23.24","23.26","23.19","23.2","NAN","NAN","NAN","NAN","CR1000_K4_ 20150127.dat",2015-01-21 18:00:00
"2015-1-22",0,"K4","Forest","Jan",2015,"19.83","22.82","22.97","23.04","23.33","23.35","23.31","23.32","NAN","NAN","NAN","NAN","CR1000_K4_ 20150127.dat",2015-01-22 00:00:00
"2015-1-22",6,"K4","Forest","Jan",2015,"18.91","22.24","22.91","23.09","23.37","23.37","23.35","23.36","NAN","NAN","NAN","NAN","CR1000_K4_ 20150127.dat",2015-01-22 06:00:00
"2015-1-22",12,"K4","Forest","Jan",2015,"22.08","21.71","22.6","22.99","23.24","23.2","23.27","23.29","NAN","NAN","NAN","NAN","CR1000_K4_ 20150127.dat",2015-01-22 12:00:00
"2015-1-22",18,"K4","Forest","Jan",2015,"27.24","22.36","22.22","22.74","23.02","23.02","22.99","23.01","NAN","NAN","NAN","NAN","CR1000_K4_ 20150127.dat",2015-01-22 18:00:00
"2015-1-23",0,"K4","Forest","Jan",2015,"23.24","23.09","22.49","22.9","23.2","23.22","23.16","23.17","NAN","NAN","NAN","NAN","CR1000_K4_ 20150127.dat",2015-01-23 00:00:00
"2015-1-23",6,"K4","Forest","Jan",2015,"20.96","22.85","22.72","22.99","23.3","23.32","23.28","23.29","NAN","NAN","NAN","NAN","CR1000_K4_ 20150127.dat",2015-01-23 06:00:00
"2015-1-23",12,"K4","Forest","Jan",2015,"23.75","22.42","22.64","22.89","23.21","23.16","23.22","23.23","NAN","NAN","NAN","NAN","CR1000_K4_ 20150127.dat",2015-01-23 12:00:00
"2015-1-23",18,"K4","Forest","Jan",2015,"24.94","22.99","22.53","22.8","23.13","23.14","23.08","23.11","NAN","NAN","NAN","NAN","CR1000_K4_ 20150127.dat",2015-01-23 18:00:00
"2015-1-24",0,"K4","Forest","Jan",2015,"22.06","23.11","22.76","22.94","23.26","23.27","23.23","23.24","NAN","NAN","NAN","NAN","CR1000_K4_ 20150127.dat",2015-01-24 00:00:00
"2015-1-24",6,"K4","Forest","Jan",2015,"20.93","22.75","22.84","22.99","23.3","23.3","23.28","23.29","NAN","NAN","NAN","NAN","CR1000_K4_ 20150127.dat",2015-01-24 06:00:00
"2015-1-24",12,"K4","Forest","Jan",2015,"22.98","22.43","22.72","22.93","23.23","23.21","23.22","23.24","NAN","NAN","NAN","NAN","CR1000_K4_ 20150127.dat",2015-01-24 12:00:00
"2015-1-24",18,"K4","Forest","Jan",2015,"21.54","22.37","22.68","22.97","23.28","23.3","23.24","23.26","NAN","NAN","NAN","NAN","CR1000_K4_ 20150127.dat",2015-01-24 18:00:00
"2015-1-25",0,"K4","Forest","Jan",2015,"19.67","22.23","22.71","23.02","23.34","23.34","23.32","23.33","NAN","NAN","NAN","NAN","CR1000_K4_ 20150127.dat",2015-01-25 00:00:00
"2015-1-25",6,"K4","Forest","Jan",2015,"19.4","21.84","22.62","23.04","23.34","23.35","23.32","23.35","NAN","NAN","NAN","NAN","CR1000_K4_ 20150127.dat",2015-01-25 06:00:00
"2015-1-25",12,"K4","Forest","Jan",2015,"20.57","21.57","22.43","22.99","23.32","23.31","23.31","23.32","NAN","NAN","NAN","NAN","CR1000_K4_ 20150127.dat",2015-01-25 12:00:00
"2015-1-25",18,"K4","Forest","Jan",2015,"22.12","21.78","22.22","22.89","23.24","23.23","23.22","23.24","NAN","NAN","NAN","NAN","CR1000_K4_ 20150127.dat",2015-01-25 18:00:00
"2015-1-26",0,"K4","Forest","Jan",2015,"21.13","22.05","22.24","22.89","23.27","23.28","23.25","23.27","NAN","NAN","NAN","NAN","CR1000_K4_ 20150127.dat",2015-01-26 00:00:00
"2015-1-26",6,"K4","Forest","Jan",2015,"20.52","21.95","22.29","22.9","23.31","23.31","23.3","23.31","NAN","NAN","NAN","NAN","CR1000_K4_ 20150127.dat",2015-01-26 06:00:00
"2015-1-26",12,"K4","Forest","Jan",2015,"21.8","21.8","22.21","22.82","23.25","23.24","23.25","23.26","NAN","NAN","NAN","NAN","CR1000_K4_ 20150127.dat",2015-01-26 12:00:00
"2015-1-26",18,"K4","Forest","Jan",2015,"23.06","22.26","22.14","22.74","23.19","23.2","23.17","23.19","NAN","NAN","NAN","NAN","CR1000_K4_ 20150127.dat",2015-01-26 18:00:00
"2015-1-27",0,"K4","Forest","Jan",2015,"21.27","22.52","22.3","22.79","23.26","23.28","23.24","23.26","NAN","NAN","NAN","NAN","CR1000_K4_ 20150127.dat",2015-01-27 00:00:00
"2015-1-27",6,"K4","Forest","Jan",2015,"20.13","22.24","22.42","22.82","23.3","23.32","23.3","23.32","NAN","NAN","NAN","NAN","CR1000_K4_ 20150127.dat",2015-01-27 06:00:00
"2015-1-8",18,"K4","Forest","Jan",2015,"23.58","23.24","22.88","23.23","23.27","23.19","23.11","23.12","NAN","NAN","NAN","NAN","CR1000_K4_ 20150127.dat",2015-01-08 18:00:00
"2015-1-9",0,"K4","Forest","Jan",2015,"21.84","23.2","23.07","23.31","23.34","23.23","23.22","23.23","NAN","NAN","NAN","NAN","CR1000_K4_ 20150127.dat",2015-01-09 00:00:00
"2015-1-9",6,"K4","Forest","Jan",2015,"21.09","22.93","23.14","23.34","23.39","23.27","23.27","23.28","NAN","NAN","NAN","NAN","CR1000_K4_ 20150127.dat",2015-01-09 06:00:00
"2015-1-9",12,"K4","Forest","Jan",2015,"22.54","22.68","23.01","23.28","23.34","23.22","23.21","23.23","NAN","NAN","NAN","NAN","CR1000_K4_ 20150127.dat",2015-01-09 12:00:00
"2015-1-9",18,"K4","Forest","Jan",2015,"21.31","22.31","22.97","23.31","23.39","23.26","23.27","23.28","NAN","NAN","NAN","NAN","CR1000_K4_ 20150127.dat",2015-01-09 18:00:00
"2013-12-12",18,"M8","Forest","Dec",2013,"26.18","26.17","25.11","25.09","24.8","24.69","24.62","24.66","NAN","NAN","NAN","NAN","CR1000_M8_ 20131219.dat",2013-12-12 18:00:00
"2013-12-13",0,"M8","Forest","Dec",2013,"22.91","25.1","25.27","25.1","24.8","24.67","24.61","24.64","NAN","NAN","NAN","NAN","CR1000_M8_ 20131219.dat",2013-12-13 00:00:00
"2013-12-13",6,"M8","Forest","Dec",2013,"22.22","24.4","25.22","25.09","24.79","24.65","24.59","24.62","NAN","NAN","NAN","NAN","CR1000_M8_ 20131219.dat",2013-12-13 06:00:00
"2013-12-13",12,"M8","Forest","Dec",2013,"24.25","24.36","25.04","25.06","24.75","24.59","24.6","24.61","NAN","NAN","NAN","NAN","CR1000_M8_ 20131219.dat",2013-12-13 12:00:00
"2013-12-13",18,"M8","Forest","Dec",2013,"25.69","25.64","24.95","25.08","24.79","24.65","24.59","24.61","NAN","NAN","NAN","NAN","CR1000_M8_ 20131219.dat",2013-12-13 18:00:00
"2013-12-14",0,"M8","Forest","Dec",2013,"22.35","24.69","25.06","25.08","24.8","24.65","24.59","24.61","NAN","NAN","NAN","NAN","CR1000_M8_ 20131219.dat",2013-12-14 00:00:00
"2013-12-14",6,"M8","Forest","Dec",2013,"21.94","23.99","25","25.06","24.8","24.65","24.59","24.61","NAN","NAN","NAN","NAN","CR1000_M8_ 20131219.dat",2013-12-14 06:00:00
"2013-12-14",12,"M8","Forest","Dec",2013,"22.49","23.42","24.78","25.04","24.77","24.62","24.59","24.6","NAN","NAN","NAN","NAN","CR1000_M8_ 20131219.dat",2013-12-14 12:00:00
"2013-12-14",18,"M8","Forest","Dec",2013,"27.21","24.96","24.53","24.98","24.75","24.58","24.59","24.59","NAN","NAN","NAN","NAN","CR1000_M8_ 20131219.dat",2013-12-14 18:00:00
"2013-12-15",0,"M8","Forest","Dec",2013,"23.39","24.82","24.65","24.98","24.82","24.66","24.59","24.62","NAN","NAN","NAN","NAN","CR1000_M8_ 20131219.dat",2013-12-15 00:00:00
"2013-12-15",6,"M8","Forest","Dec",2013,"21.94","23.92","24.72","24.94","24.81","24.66","24.59","24.62","NAN","NAN","NAN","NAN","CR1000_M8_ 20131219.dat",2013-12-15 06:00:00
"2013-12-15",12,"M8","Forest","Dec",2013,"24.14","23.93","24.58","24.86","24.76","24.59","24.59","24.6","NAN","NAN","NAN","NAN","CR1000_M8_ 20131219.dat",2013-12-15 12:00:00
"2013-12-15",18,"M8","Forest","Dec",2013,"26.51","25.46","24.52","24.85","24.78","24.63","24.58","24.6","NAN","NAN","NAN","NAN","CR1000_M8_ 20131219.dat",2013-12-15 18:00:00
"2013-12-16",0,"M8","Forest","Dec",2013,"23.61","24.92","24.74","24.86","24.83","24.68","24.6","24.62","NAN","NAN","NAN","NAN","CR1000_M8_ 20131219.dat",2013-12-16 00:00:00
"2013-12-16",6,"M8","Forest","Dec",2013,"22.5","24.29","24.81","24.85","24.83","24.68","24.6","24.63","NAN","NAN","NAN","NAN","CR1000_M8_ 20131219.dat",2013-12-16 06:00:00
"2013-12-16",12,"M8","Forest","Dec",2013,"24.57","24.3","24.71","24.82","24.78","24.61","24.6","24.61","NAN","NAN","NAN","NAN","CR1000_M8_ 20131219.dat",2013-12-16 12:00:00
"2013-12-16",18,"M8","Forest","Dec",2013,"26.26","25.58","24.7","24.85","24.82","24.69","24.61","24.63","NAN","NAN","NAN","NAN","CR1000_M8_ 20131219.dat",2013-12-16 18:00:00
"2013-12-17",0,"M8","Forest","Dec",2013,"23.06","24.91","24.84","24.85","24.82","24.67","24.59","24.62","NAN","NAN","NAN","NAN","CR1000_M8_ 20131219.dat",2013-12-17 00:00:00
"2013-12-17",6,"M8","Forest","Dec",2013,"22.86","24.34","24.89","24.88","24.84","24.69","24.61","24.63","NAN","NAN","NAN","NAN","CR1000_M8_ 20131219.dat",2013-12-17 06:00:00
"2013-12-17",12,"M8","Forest","Dec",2013,"24.04","24.32","24.79","24.85","24.79","24.63","24.59","24.61","NAN","NAN","NAN","NAN","CR1000_M8_ 20131219.dat",2013-12-17 12:00:00
"2013-12-17",18,"M8","Forest","Dec",2013,"27.27","25.42","24.72","24.85","24.79","24.63","24.6","24.61","NAN","NAN","NAN","NAN","CR1000_M8_ 20131219.dat",2013-12-17 18:00:00
"2013-12-18",0,"M8","Forest","Dec",2013,"24.77","25.5","24.89","24.89","24.85","24.71","24.62","24.64","NAN","NAN","NAN","NAN","CR1000_M8_ 20131219.dat",2013-12-18 00:00:00
"2013-12-18",6,"M8","Forest","Dec",2013,"21.89","24.35","24.98","24.88","24.82","24.68","24.61","24.62","NAN","NAN","NAN","NAN","CR1000_M8_ 20131219.dat",2013-12-18 06:00:00
"2013-12-18",12,"M8","Forest","Dec",2013,"23.68","24.01","24.82","24.85","24.78","24.62","24.6","24.61","NAN","NAN","NAN","NAN","CR1000_M8_ 20131219.dat",2013-12-18 12:00:00
"2013-12-18",18,"M8","Forest","Dec",2013,"25.77","25.34","24.7","24.87","24.8","24.66","24.61","24.62","NAN","NAN","NAN","NAN","CR1000_M8_ 20131219.dat",2013-12-18 18:00:00
"2013-12-19",0,"M8","Forest","Dec",2013,"23.18","24.86","24.8","24.86","24.82","24.68","24.6","24.62","NAN","NAN","NAN","NAN","CR1000_M8_ 20131219.dat",2013-12-19 00:00:00
"2013-12-19",6,"M8","Forest","Dec",2013,"22.71","24.32","24.82","24.84","24.81","24.67","24.6","24.62","NAN","NAN","NAN","NAN","CR1000_M8_ 20131219.dat",2013-12-19 06:00:00
"2013-12-19",12,"M8","Forest","Dec",2013,"22.91","24.06","24.74","24.83","24.8","24.65","24.6","24.61","NAN","NAN","NAN","NAN","CR1000_M8_ 20131219.dat",2013-12-19 12:00:00
"2014-2-21",12,"M8","Forest","Feb",2014,"23.76","24.07","24.22","24.17","24.38","24.47","24.5","24.52","NAN","NAN","NAN","NAN","CR100_M8_20140227_1.dat",2014-02-21 12:00:00
"2014-2-21",18,"M8","Forest","Feb",2014,"23.12","24.32","24.19","24.19","24.4","24.5","24.51","24.52","NAN","NAN","NAN","NAN","CR100_M8_20140227_1.dat",2014-02-21 18:00:00
"2014-2-22",0,"M8","Forest","Feb",2014,"21.46","23.59","24.23","24.24","24.43","24.52","24.53","24.55","NAN","NAN","NAN","NAN","CR100_M8_20140227_1.dat",2014-02-22 00:00:00
"2014-2-22",6,"M8","Forest","Feb",2014,"20.92","23.04","24.14","24.25","24.43","24.52","24.53","24.55","NAN","NAN","NAN","NAN","CR100_M8_20140227_1.dat",2014-02-22 06:00:00
"2014-2-22",12,"M8","Forest","Feb",2014,"22.37","23.06","23.95","24.22","24.39","24.48","24.52","24.53","NAN","NAN","NAN","NAN","CR100_M8_20140227_1.dat",2014-02-22 12:00:00
"2014-2-22",18,"M8","Forest","Feb",2014,"25","24.44","23.8","24.15","24.33","24.44","24.47","24.48","NAN","NAN","NAN","NAN","CR100_M8_20140227_1.dat",2014-02-22 18:00:00
"2014-2-23",0,"M8","Forest","Feb",2014,"22.55","24.2","23.98","24.18","24.4","24.51","24.51","24.53","NAN","NAN","NAN","NAN","CR100_M8_20140227_1.dat",2014-02-23 00:00:00
"2014-2-23",6,"M8","Forest","Feb",2014,"21.56","23.42","24.07","24.18","24.41","24.52","24.53","24.55","NAN","NAN","NAN","NAN","CR100_M8_20140227_1.dat",2014-02-23 06:00:00
"2014-2-23",12,"M8","Forest","Feb",2014,"23.89","23.52","23.95","24.14","24.34","24.44","24.51","24.52","NAN","NAN","NAN","NAN","CR100_M8_20140227_1.dat",2014-02-23 12:00:00
"2014-2-23",18,"M8","Forest","Feb",2014,"27.84","25.5","23.86","24.05","24.27","24.38","24.43","24.45","NAN","NAN","NAN","NAN","CR100_M8_20140227_1.dat",2014-02-23 18:00:00
"2014-2-24",0,"M8","Forest","Feb",2014,"23.5","25.01","24.21","24.13","24.36","24.48","24.49","24.51","NAN","NAN","NAN","NAN","CR100_M8_20140227_1.dat",2014-02-24 00:00:00
"2014-2-24",6,"M8","Forest","Feb",2014,"22.41","24.18","24.37","24.16","24.37","24.49","24.51","24.53","NAN","NAN","NAN","NAN","CR100_M8_20140227_1.dat",2014-02-24 06:00:00
"2014-2-24",12,"M8","Forest","Feb",2014,"24.79","24.28","24.3","24.15","24.33","24.44","24.5","24.52","NAN","NAN","NAN","NAN","CR100_M8_20140227_1.dat",2014-02-24 12:00:00
"2014-2-24",18,"M8","Forest","Feb",2014,"21.99","24.17","24.33","24.22","24.39","24.5","24.53","24.54","NAN","NAN","NAN","NAN","CR100_M8_20140227_1.dat",2014-02-24 18:00:00
"2014-2-25",0,"M8","Forest","Feb",2014,"21.6","23.5","24.3","24.25","24.39","24.51","24.53","24.55","NAN","NAN","NAN","NAN","CR100_M8_20140227_1.dat",2014-02-25 00:00:00
"2014-2-25",6,"M8","Forest","Feb",2014,"20.56","23.03","24.17","24.27","24.39","24.52","24.54","24.56","NAN","NAN","NAN","NAN","CR100_M8_20140227_1.dat",2014-02-25 06:00:00
"2014-2-25",12,"M8","Forest","Feb",2014,"22.49","22.95","23.95","24.22","24.34","24.45","24.52","24.54","NAN","NAN","NAN","NAN","CR100_M8_20140227_1.dat",2014-02-25 12:00:00
"2014-2-25",18,"M8","Forest","Feb",2014,"28.01","25.1","23.76","24.1","24.23","24.38","24.43","24.44","NAN","NAN","NAN","NAN","CR100_M8_20140227_1.dat",2014-02-25 18:00:00
"2014-2-26",0,"M8","Forest","Feb",2014,"22.93","24.59","24.09","24.18","24.35","24.48","24.5","24.52","NAN","NAN","NAN","NAN","CR100_M8_20140227_1.dat",2014-02-26 00:00:00
"2014-2-26",6,"M8","Forest","Feb",2014,"21.6","23.64","24.22","24.19","24.36","24.49","24.52","24.54","NAN","NAN","NAN","NAN","CR100_M8_20140227_1.dat",2014-02-26 06:00:00
"2014-2-26",12,"M8","Forest","Feb",2014,"24.51","23.58","24.08","24.13","24.28","24.39","24.5","24.51","NAN","NAN","NAN","NAN","CR100_M8_20140227_1.dat",2014-02-26 12:00:00
"2014-2-26",18,"M8","Forest","Feb",2014,"30.17","25.66","23.96","24.03","24.19","24.31","24.38","24.39","NAN","NAN","NAN","NAN","CR100_M8_20140227_1.dat",2014-02-26 18:00:00
"2014-2-27",0,"M8","Forest","Feb",2014,"24.52","25.31","24.36","24.18","24.34","24.48","24.48","24.51","NAN","NAN","NAN","NAN","CR100_M8_20140227_1.dat",2014-02-27 00:00:00
"2014-2-27",6,"M8","Forest","Feb",2014,"22.28","24.29","24.52","24.2","24.35","24.47","24.5","24.52","NAN","NAN","NAN","NAN","CR100_M8_20140227_1.dat",2014-02-27 06:00:00
"2014-2-27",12,"M8","Forest","Feb",2014,"24.68","23.93","24.38","24.14","24.25","24.34","24.49","24.51","NAN","NAN","NAN","NAN","CR100_M8_20140227_1.dat",2014-02-27 12:00:00
"2013-11-21",12,"Mutum","Cropland","Nov",2013,"NAN","33.44","33.03","32.12","32.89","33.29","33.48","32.13","NAN","NAN","NAN","NAN","CR1000_Mutum_ 20131212.dat",2013-11-21 12:00:00
"2013-11-21",18,"Mutum","Cropland","Nov",2013,"NAN","29.1","28.9","28.57","28.93","28.94","29.06","28.68","NAN","NAN","NAN","NAN","CR1000_Mutum_ 20131212.dat",2013-11-21 18:00:00
"2013-11-22",0,"Mutum","Cropland","Nov",2013,"NAN","25.04","25.2","25.36","25.57","25.27","25.55","25.5","NAN","NAN","NAN","NAN","CR1000_Mutum_ 20131212.dat",2013-11-22 00:00:00
"2013-11-22",6,"Mutum","Cropland","Nov",2013,"NAN","23.83","23.97","24.22","24.38","24.01","24.26","24.33","NAN","NAN","NAN","NAN","CR1000_Mutum_ 20131212.dat",2013-11-22 06:00:00
"2013-11-22",12,"Mutum","Cropland","Nov",2013,"NAN","29.27","28.5","28.23","28.04","28.07","27.87","27.91","NAN","NAN","NAN","NAN","CR1000_Mutum_ 20131212.dat",2013-11-22 12:00:00
"2013-11-22",18,"Mutum","Cropland","Nov",2013,"NAN","32.55","31.95","31.57","31.9","31.8","31.98","31.5","NAN","NAN","NAN","NAN","CR1000_Mutum_ 20131212.dat",2013-11-22 18:00:00
"2013-11-23",0,"Mutum","Cropland","Nov",2013,"NAN","25.77","25.82","25.99","26.17","25.85","26.13","26.1","NAN","NAN","NAN","NAN","CR1000_Mutum_ 20131212.dat",2013-11-23 00:00:00
"2013-11-23",6,"Mutum","Cropland","Nov",2013,"NAN","24.91","24.95","25.15","25.25","24.95","25.15","25.2","NAN","NAN","NAN","NAN","CR1000_Mutum_ 20131212.dat",2013-11-23 06:00:00
"2013-11-23",12,"Mutum","Cropland","Nov",2013,"NAN","26.76","26.45","26.35","26.39","26.28","26.36","26.26","NAN","NAN","NAN","NAN","CR1000_Mutum_ 20131212.dat",2013-11-23 12:00:00
"2013-11-23",18,"Mutum","Cropland","Nov",2013,"NAN","23.92","24.04","24.15","24.32","24.13","24.27","24.27","NAN","NAN","NAN","NAN","CR1000_Mutum_ 20131212.dat",2013-11-23 18:00:00
"2013-11-24",0,"Mutum","Cropland","Nov",2013,"NAN","24.13","24.19","24.34","24.43","24.2","24.35","24.42","NAN","NAN","NAN","NAN","CR1000_Mutum_ 20131212.dat",2013-11-24 00:00:00
"2013-11-24",6,"Mutum","Cropland","Nov",2013,"NAN","23.61","23.76","23.96","24.05","23.77","23.98","24.05","NAN","NAN","NAN","NAN","CR1000_Mutum_ 20131212.dat",2013-11-24 06:00:00
"2013-11-24",12,"Mutum","Cropland","Nov",2013,"NAN","25.29","24.99","24.96","24.89","24.81","24.8","24.86","NAN","NAN","NAN","NAN","CR1000_Mutum_ 20131212.dat",2013-11-24 12:00:00
"2013-11-24",18,"Mutum","Cropland","Nov",2013,"NAN","28.76","28.16","27.86","27.88","27.91","27.88","27.64","NAN","NAN","NAN","NAN","CR1000_Mutum_ 20131212.dat",2013-11-24 18:00:00
"2013-11-25",0,"Mutum","Cropland","Nov",2013,"NAN","25.04","25.06","25.2","25.31","25.09","25.32","25.28","NAN","NAN","NAN","NAN","CR1000_Mutum_ 20131212.dat",2013-11-25 00:00:00
"2013-11-25",6,"Mutum","Cropland","Nov",2013,"NAN","24.08","24.11","24.32","24.39","24.1","24.31","24.37","NAN","NAN","NAN","NAN","CR1000_Mutum_ 20131212.dat",2013-11-25 06:00:00
"2013-11-25",12,"Mutum","Cropland","Nov",2013,"NAN","25.5","25.24","25.2","25.18","25.1","25.1","25.13","NAN","NAN","NAN","NAN","CR1000_Mutum_ 20131212.dat",2013-11-25 12:00:00
"2013-11-25",18,"Mutum","Cropland","Nov",2013,"NAN","23.91","24.14","24.21","24.37","24.25","24.39","24.37","NAN","NAN","NAN","NAN","CR1000_Mutum_ 20131212.dat",2013-11-25 18:00:00
"2013-11-26",0,"Mutum","Cropland","Nov",2013,"NAN","23.43","23.5","23.66","23.8","23.55","23.71","23.75","NAN","NAN","NAN","NAN","CR1000_Mutum_ 20131212.dat",2013-11-26 00:00:00
"2013-11-26",6,"Mutum","Cropland","Nov",2013,"NAN","23.44","23.51","23.63","23.75","23.53","23.67","23.72","NAN","NAN","NAN","NAN","CR1000_Mutum_ 20131212.dat",2013-11-26 06:00:00
"2013-11-26",12,"Mutum","Cropland","Nov",2013,"NAN","28.22","27.46","27.04","26.93","27.08","26.85","26.71","NAN","NAN","NAN","NAN","CR1000_Mutum_ 20131212.dat",2013-11-26 12:00:00
"2013-11-26",18,"Mutum","Cropland","Nov",2013,"NAN","31.09","30.27","29.86","29.89","29.98","29.95","29.6","NAN","NAN","NAN","NAN","CR1000_Mutum_ 20131212.dat",2013-11-26 18:00:00
"2013-11-27",0,"Mutum","Cropland","Nov",2013,"NAN","25.48","25.53","25.65","25.8","25.57","25.82","25.75","NAN","NAN","NAN","NAN","CR1000_Mutum_ 20131212.dat",2013-11-27 00:00:00
"2013-11-27",6,"Mutum","Cropland","Nov",2013,"NAN","24.39","24.48","24.66","24.75","24.49","24.67","24.71","NAN","NAN","NAN","NAN","CR1000_Mutum_ 20131212.dat",2013-11-27 06:00:00
"2013-11-27",12,"Mutum","Cropland","Nov",2013,"NAN","27.98","27.3","27.13","26.93","26.93","26.8","26.84","NAN","NAN","NAN","NAN","CR1000_Mutum_ 20131212.dat",2013-11-27 12:00:00
"2013-11-27",18,"Mutum","Cropland","Nov",2013,"NAN","28.11","27.86","27.59","27.82","27.8","27.98","27.57","NAN","NAN","NAN","NAN","CR1000_Mutum_ 20131212.dat",2013-11-27 18:00:00
"2013-11-28",0,"Mutum","Cropland","Nov",2013,"NAN","23.9","24.07","24.24","24.32","24.13","24.31","24.3","NAN","NAN","NAN","NAN","CR1000_Mutum_ 20131212.dat",2013-11-28 00:00:00
"2013-11-28",6,"Mutum","Cropland","Nov",2013,"NAN","23.04","23.26","23.38","23.64","23.37","23.54","23.53","NAN","NAN","NAN","NAN","CR1000_Mutum_ 20131212.dat",2013-11-28 06:00:00
"2013-11-28",12,"Mutum","Cropland","Nov",2013,"NAN","26.27","25.82","25.71","25.56","25.53","25.43","25.47","NAN","NAN","NAN","NAN","CR1000_Mutum_ 20131212.dat",2013-11-28 12:00:00
"2013-11-28",18,"Mutum","Cropland","Nov",2013,"NAN","30.19","29.45","29.11","29.12","29.14","29.17","28.82","NAN","NAN","NAN","NAN","CR1000_Mutum_ 20131212.dat",2013-11-28 18:00:00
"2013-11-29",0,"Mutum","Cropland","Nov",2013,"NAN","25.25","25.32","25.48","25.61","25.28","25.58","25.55","NAN","NAN","NAN","NAN","CR1000_Mutum_ 20131212.dat",2013-11-29 00:00:00
"2013-11-29",6,"Mutum","Cropland","Nov",2013,"NAN","24.33","24.38","24.58","24.65","24.33","24.55","24.65","NAN","NAN","NAN","NAN","CR1000_Mutum_ 20131212.dat",2013-11-29 06:00:00
"2013-11-29",12,"Mutum","Cropland","Nov",2013,"NAN","29.14","28.28","27.93","27.84","27.82","27.97","27.56","NAN","NAN","NAN","NAN","CR1000_Mutum_ 20131212.dat",2013-11-29 12:00:00
"2013-11-29",18,"Mutum","Cropland","Nov",2013,"NAN","32.43","31.61","31.12","31.36","31.23","31.54","30.76","NAN","NAN","NAN","NAN","CR1000_Mutum_ 20131212.dat",2013-11-29 18:00:00
"2013-11-30",0,"Mutum","Cropland","Nov",2013,"NAN","25.57","25.65","25.83","25.98","25.61","25.93","25.92","NAN","NAN","NAN","NAN","CR1000_Mutum_ 20131212.dat",2013-11-30 00:00:00
"2013-11-30",6,"Mutum","Cropland","Nov",2013,"NAN","24.25","24.4","24.59","24.67","24.39","24.59","24.67","NAN","NAN","NAN","NAN","CR1000_Mutum_ 20131212.dat",2013-11-30 06:00:00
"2013-11-30",12,"Mutum","Cropland","Nov",2013,"NAN","25.13","24.93","24.81","24.84","24.83","24.86","24.71","NAN","NAN","NAN","NAN","CR1000_Mutum_ 20131212.dat",2013-11-30 12:00:00
"2013-11-30",18,"Mutum","Cropland","Nov",2013,"NAN","27.81","27.38","27.11","27.12","27.17","27.23","26.86","NAN","NAN","NAN","NAN","CR1000_Mutum_ 20131212.dat",2013-11-30 18:00:00
"2013-12-1",0,"Mutum","Cropland","Dec",2013,"NAN","25.01","25.09","25.22","25.32","25.06","25.29","25.29","NAN","NAN","NAN","NAN","CR1000_Mutum_ 20131212.dat",2013-12-01 00:00:00
"2013-12-1",6,"Mutum","Cropland","Dec",2013,"NAN","24.13","24.17","24.39","24.45","24.13","24.34","24.45","NAN","NAN","NAN","NAN","CR1000_Mutum_ 20131212.dat",2013-12-01 06:00:00
"2013-12-1",12,"Mutum","Cropland","Dec",2013,"NAN","28.55","27.86","27.57","27.5","27.47","27.6","27.26","NAN","NAN","NAN","NAN","CR1000_Mutum_ 20131212.dat",2013-12-01 12:00:00
"2013-12-1",18,"Mutum","Cropland","Dec",2013,"NAN","31.06","30.37","29.99","30.27","30.03","30.46","29.72","NAN","NAN","NAN","NAN","CR1000_Mutum_ 20131212.dat",2013-12-01 18:00:00
"2013-12-10",0,"Mutum","Cropland","Dec",2013,"NAN","25.76","25.79","25.94","26.06","25.75","26.01","26","NAN","NAN","NAN","NAN","CR1000_Mutum_ 20131212.dat",2013-12-10 00:00:00
"2013-12-10",6,"Mutum","Cropland","Dec",2013,"NAN","24.75","24.79","24.98","25.08","24.74","24.98","25.04","NAN","NAN","NAN","NAN","CR1000_Mutum_ 20131212.dat",2013-12-10 06:00:00
"2013-12-10",12,"Mutum","Cropland","Dec",2013,"NAN","28.5","27.81","27.49","27.46","27.42","27.55","27.21","NAN","NAN","NAN","NAN","CR1000_Mutum_ 20131212.dat",2013-12-10 12:00:00
"2013-12-10",18,"Mutum","Cropland","Dec",2013,"NAN","28.38","28.15","27.96","28.24","28","28.34","27.91","NAN","NAN","NAN","NAN","CR1000_Mutum_ 20131212.dat",2013-12-10 18:00:00
"2013-12-11",0,"Mutum","Cropland","Dec",2013,"NAN","25.21","25.25","25.42","25.55","25.2","25.45","25.49","NAN","NAN","NAN","NAN","CR1000_Mutum_ 20131212.dat",2013-12-11 00:00:00
"2013-12-11",6,"Mutum","Cropland","Dec",2013,"NAN","24.73","24.78","24.98","25.08","24.74","24.96","25.04","NAN","NAN","NAN","NAN","CR1000_Mutum_ 20131212.dat",2013-12-11 06:00:00
"2013-12-11",12,"Mutum","Cropland","Dec",2013,"NAN","28.01","27.49","27.29","27.18","27.16","27.25","27.07","NAN","NAN","NAN","NAN","CR1000_Mutum_ 20131212.dat",2013-12-11 12:00:00
"2013-12-11",18,"Mutum","Cropland","Dec",2013,"NAN","31.27","30.67","30.29","30.47","30.4","30.6","30.05","NAN","NAN","NAN","NAN","CR1000_Mutum_ 20131212.dat",2013-12-11 18:00:00
"2013-12-12",0,"Mutum","Cropland","Dec",2013,"NAN","26.17","26.28","26.35","26.6","26.3","26.58","26.47","NAN","NAN","NAN","NAN","CR1000_Mutum_ 20131212.dat",2013-12-12 00:00:00
"2013-12-12",6,"Mutum","Cropland","Dec",2013,"NAN","24.46","24.54","24.78","24.92","24.51","24.78","24.87","NAN","NAN","NAN","NAN","CR1000_Mutum_ 20131212.dat",2013-12-12 06:00:00
"2013-12-2",0,"Mutum","Cropland","Dec",2013,"NAN","25.07","25.12","25.3","25.43","25.08","25.34","25.37","NAN","NAN","NAN","NAN","CR1000_Mutum_ 20131212.dat",2013-12-02 00:00:00
"2013-12-2",6,"Mutum","Cropland","Dec",2013,"NAN","23.87","23.99","24.16","24.37","24.02","24.25","24.27","NAN","NAN","NAN","NAN","CR1000_Mutum_ 20131212.dat",2013-12-02 06:00:00
"2013-12-2",12,"Mutum","Cropland","Dec",2013,"NAN","29.2","28.52","28.27","28.11","28.11","28.23","27.97","NAN","NAN","NAN","NAN","CR1000_Mutum_ 20131212.dat",2013-12-02 12:00:00
"2013-12-2",18,"Mutum","Cropland","Dec",2013,"NAN","30.34","30.04","29.79","30.09","29.87","30.2","29.78","NAN","NAN","NAN","NAN","CR1000_Mutum_ 20131212.dat",2013-12-02 18:00:00
"2013-12-3",0,"Mutum","Cropland","Dec",2013,"NAN","25.53","25.59","25.73","25.88","25.54","25.83","25.81","NAN","NAN","NAN","NAN","CR1000_Mutum_ 20131212.dat",2013-12-03 00:00:00
"2013-12-3",6,"Mutum","Cropland","Dec",2013,"NAN","24.51","24.55","24.78","24.88","24.5","24.74","24.85","NAN","NAN","NAN","NAN","CR1000_Mutum_ 20131212.dat",2013-12-03 06:00:00
"2013-12-3",12,"Mutum","Cropland","Dec",2013,"NAN","26.7","26.19","25.98","26.02","25.9","26.06","25.82","NAN","NAN","NAN","NAN","CR1000_Mutum_ 20131212.dat",2013-12-03 12:00:00
"2013-12-3",18,"Mutum","Cropland","Dec",2013,"NAN","29.27","28.89","28.59","29.03","28.59","29.25","28.45","NAN","NAN","NAN","NAN","CR1000_Mutum_ 20131212.dat",2013-12-03 18:00:00
"2013-12-4",0,"Mutum","Cropland","Dec",2013,"NAN","23.69","23.8","23.94","24.13","23.82","23.99","24.01","NAN","NAN","NAN","NAN","CR1000_Mutum_ 20131212.dat",2013-12-04 00:00:00
"2013-12-4",6,"Mutum","Cropland","Dec",2013,"NAN","23.77","23.84","24.02","24.14","23.81","24.02","24.09","NAN","NAN","NAN","NAN","CR1000_Mutum_ 20131212.dat",2013-12-04 06:00:00
"2013-12-4",12,"Mutum","Cropland","Dec",2013,"NAN","28.36","27.57","27.21","27.12","27.1","27.25","26.84","NAN","NAN","NAN","NAN","CR1000_Mutum_ 20131212.dat",2013-12-04 12:00:00
"2013-12-4",18,"Mutum","Cropland","Dec",2013,"NAN","32.75","31.84","31.45","31.51","31.38","31.69","31.05","NAN","NAN","NAN","NAN","CR1000_Mutum_ 20131212.dat",2013-12-04 18:00:00
"2013-12-5",0,"Mutum","Cropland","Dec",2013,"NAN","26.09","26.14","26.28","26.45","26.09","26.42","26.35","NAN","NAN","NAN","NAN","CR1000_Mutum_ 20131212.dat",2013-12-05 00:00:00
"2013-12-5",6,"Mutum","Cropland","Dec",2013,"NAN","24.75","24.78","25.01","25.1","24.73","24.98","25.06","NAN","NAN","NAN","NAN","CR1000_Mutum_ 20131212.dat",2013-12-05 06:00:00
"2013-12-5",12,"Mutum","Cropland","Dec",2013,"NAN","30.63","29.71","29.33","29.19","29.19","29.35","28.9","NAN","NAN","NAN","NAN","CR1000_Mutum_ 20131212.dat",2013-12-05 12:00:00
"2013-12-5",18,"Mutum","Cropland","Dec",2013,"NAN","32.71","32.06","31.73","31.88","31.76","32.03","31.49","NAN","NAN","NAN","NAN","CR1000_Mutum_ 20131212.dat",2013-12-05 18:00:00
"2013-12-6",0,"Mutum","Cropland","Dec",2013,"NAN","26.88","26.91","27","27.23","26.86","27.21","27.07","NAN","NAN","NAN","NAN","CR1000_Mutum_ 20131212.dat",2013-12-06 00:00:00
"2013-12-6",6,"Mutum","Cropland","Dec",2013,"NAN","25.17","25.18","25.41","25.51","25.13","25.38","25.46","NAN","NAN","NAN","NAN","CR1000_Mutum_ 20131212.dat",2013-12-06 06:00:00
"2013-12-6",12,"Mutum","Cropland","Dec",2013,"NAN","25.07","25.04","25.19","25.25","24.99","25.16","25.21","NAN","NAN","NAN","NAN","CR1000_Mutum_ 20131212.dat",2013-12-06 12:00:00
"2013-12-6",18,"Mutum","Cropland","Dec",2013,"NAN","27.05","26.71","26.58","26.61","26.53","26.63","26.44","NAN","NAN","NAN","NAN","CR1000_Mutum_ 20131212.dat",2013-12-06 18:00:00
"2013-12-7",0,"Mutum","Cropland","Dec",2013,"NAN","24.32","24.48","24.65","24.86","24.48","24.81","24.78","NAN","NAN","NAN","NAN","CR1000_Mutum_ 20131212.dat",2013-12-07 00:00:00
"2013-12-7",6,"Mutum","Cropland","Dec",2013,"NAN","22.79","23.01","23.23","23.4","23.05","23.25","23.41","NAN","NAN","NAN","NAN","CR1000_Mutum_ 20131212.dat",2013-12-07 06:00:00
"2013-12-7",12,"Mutum","Cropland","Dec",2013,"NAN","26.39","25.94","25.75","25.71","25.68","25.76","25.58","NAN","NAN","NAN","NAN","CR1000_Mutum_ 20131212.dat",2013-12-07 12:00:00
"2013-12-7",18,"Mutum","Cropland","Dec",2013,"NAN","31.57","30.67","30.17","30.31","30.27","30.48","29.75","NAN","NAN","NAN","NAN","CR1000_Mutum_ 20131212.dat",2013-12-07 18:00:00
"2013-12-8",0,"Mutum","Cropland","Dec",2013,"NAN","25.49","25.59","25.75","25.95","25.53","25.93","25.84","NAN","NAN","NAN","NAN","CR1000_Mutum_ 20131212.dat",2013-12-08 00:00:00
"2013-12-8",6,"Mutum","Cropland","Dec",2013,"NAN","24.3","24.33","24.57","24.68","24.29","24.52","24.64","NAN","NAN","NAN","NAN","CR1000_Mutum_ 20131212.dat",2013-12-08 06:00:00
"2013-12-8",12,"Mutum","Cropland","Dec",2013,"NAN","28.46","27.88","27.53","27.53","27.53","27.65","27.2","NAN","NAN","NAN","NAN","CR1000_Mutum_ 20131212.dat",2013-12-08 12:00:00
"2013-12-8",18,"Mutum","Cropland","Dec",2013,"NAN","29.8","29.48","29.2","29.33","29.28","29.58","29.01","NAN","NAN","NAN","NAN","CR1000_Mutum_ 20131212.dat",2013-12-08 18:00:00
"2013-12-9",0,"Mutum","Cropland","Dec",2013,"NAN","24.46","24.58","24.79","24.91","24.55","24.78","24.87","NAN","NAN","NAN","NAN","CR1000_Mutum_ 20131212.dat",2013-12-09 00:00:00
"2013-12-9",6,"Mutum","Cropland","Dec",2013,"NAN","24.25","24.32","24.54","24.61","24.27","24.5","24.59","NAN","NAN","NAN","NAN","CR1000_Mutum_ 20131212.dat",2013-12-09 06:00:00
"2013-12-9",12,"Mutum","Cropland","Dec",2013,"NAN","28.9","28.21","27.91","27.73","27.79","27.89","27.58","NAN","NAN","NAN","NAN","CR1000_Mutum_ 20131212.dat",2013-12-09 12:00:00
"2013-12-9",18,"Mutum","Cropland","Dec",2013,"NAN","30.72","30.17","29.87","30.05","29.92","30.19","29.67","NAN","NAN","NAN","NAN","CR1000_Mutum_ 20131212.dat",2013-12-09 18:00:00
"2014-2-21",12,"Mutum","Cropland","Feb",2014,"NAN","NAN","NAN","NAN","NAN","NAN","NAN","NAN","NAN","NAN","NAN","NAN","CR1000_Mutum_ 20140228.dat",2014-02-21 12:00:00
"2014-2-21",18,"Mutum","Cropland","Feb",2014,"NAN","NAN","NAN","NAN","NAN","NAN","NAN","NAN","NAN","NAN","NAN","NAN","CR1000_Mutum_ 20140228.dat",2014-02-21 18:00:00
"2014-2-22",0,"Mutum","Cropland","Feb",2014,"NAN","NAN","NAN","NAN","NAN","NAN","NAN","NAN","NAN","NAN","NAN","NAN","CR1000_Mutum_ 20140228.dat",2014-02-22 00:00:00
"2014-2-22",6,"Mutum","Cropland","Feb",2014,"NAN","NAN","NAN","NAN","NAN","NAN","NAN","NAN","NAN","NAN","NAN","NAN","CR1000_Mutum_ 20140228.dat",2014-02-22 06:00:00
"2014-2-22",12,"Mutum","Cropland","Feb",2014,"NAN","NAN","NAN","NAN","NAN","NAN","NAN","NAN","NAN","NAN","NAN","NAN","CR1000_Mutum_ 20140228.dat",2014-02-22 12:00:00
"2014-2-22",18,"Mutum","Cropland","Feb",2014,"NAN","NAN","NAN","NAN","NAN","NAN","NAN","NAN","NAN","NAN","NAN","NAN","CR1000_Mutum_ 20140228.dat",2014-02-22 18:00:00
"2014-2-23",0,"Mutum","Cropland","Feb",2014,"NAN","NAN","NAN","NAN","NAN","NAN","NAN","NAN","NAN","NAN","NAN","NAN","CR1000_Mutum_ 20140228.dat",2014-02-23 00:00:00
"2014-2-23",6,"Mutum","Cropland","Feb",2014,"NAN","NAN","NAN","NAN","NAN","NAN","NAN","NAN","NAN","NAN","NAN","NAN","CR1000_Mutum_ 20140228.dat",2014-02-23 06:00:00
"2014-2-23",12,"Mutum","Cropland","Feb",2014,"NAN","NAN","NAN","NAN","NAN","NAN","NAN","NAN","NAN","NAN","NAN","NAN","CR1000_Mutum_ 20140228.dat",2014-02-23 12:00:00
"2014-2-23",18,"Mutum","Cropland","Feb",2014,"NAN","NAN","NAN","NAN","NAN","NAN","NAN","NAN","NAN","NAN","NAN","NAN","CR1000_Mutum_ 20140228.dat",2014-02-23 18:00:00
"2014-2-24",0,"Mutum","Cropland","Feb",2014,"NAN","NAN","NAN","NAN","NAN","NAN","NAN","NAN","NAN","NAN","NAN","NAN","CR1000_Mutum_ 20140228.dat",2014-02-24 00:00:00
"2014-2-24",6,"Mutum","Cropland","Feb",2014,"NAN","NAN","NAN","NAN","NAN","NAN","NAN","NAN","NAN","NAN","NAN","NAN","CR1000_Mutum_ 20140228.dat",2014-02-24 06:00:00
"2014-2-24",12,"Mutum","Cropland","Feb",2014,"NAN","NAN","NAN","NAN","NAN","NAN","NAN","NAN","NAN","NAN","NAN","NAN","CR1000_Mutum_ 20140228.dat",2014-02-24 12:00:00
"2014-2-24",18,"Mutum","Cropland","Feb",2014,"NAN","NAN","NAN","NAN","NAN","NAN","NAN","NAN","NAN","NAN","NAN","NAN","CR1000_Mutum_ 20140228.dat",2014-02-24 18:00:00
"2014-2-25",0,"Mutum","Cropland","Feb",2014,"NAN","NAN","NAN","NAN","NAN","NAN","NAN","NAN","NAN","NAN","NAN","NAN","CR1000_Mutum_ 20140228.dat",2014-02-25 00:00:00
"2014-2-25",6,"Mutum","Cropland","Feb",2014,"NAN","NAN","NAN","NAN","NAN","NAN","NAN","NAN","NAN","NAN","NAN","NAN","CR1000_Mutum_ 20140228.dat",2014-02-25 06:00:00
"2014-2-25",12,"Mutum","Cropland","Feb",2014,"NAN","NAN","NAN","NAN","NAN","NAN","NAN","NAN","NAN","NAN","NAN","NAN","CR1000_Mutum_ 20140228.dat",2014-02-25 12:00:00
"2014-2-25",18,"Mutum","Cropland","Feb",2014,"NAN","NAN","NAN","NAN","NAN","NAN","NAN","NAN","NAN","NAN","NAN","NAN","CR1000_Mutum_ 20140228.dat",2014-02-25 18:00:00
"2014-2-26",0,"Mutum","Cropland","Feb",2014,"NAN","NAN","NAN","NAN","NAN","NAN","NAN","NAN","NAN","NAN","NAN","NAN","CR1000_Mutum_ 20140228.dat",2014-02-26 00:00:00
"2014-2-26",6,"Mutum","Cropland","Feb",2014,"NAN","NAN","NAN","NAN","NAN","NAN","NAN","NAN","NAN","NAN","NAN","NAN","CR1000_Mutum_ 20140228.dat",2014-02-26 06:00:00
"2014-2-26",12,"Mutum","Cropland","Feb",2014,"NAN","NAN","NAN","NAN","NAN","NAN","NAN","NAN","NAN","NAN","NAN","NAN","CR1000_Mutum_ 20140228.dat",2014-02-26 12:00:00
"2014-2-26",18,"Mutum","Cropland","Feb",2014,"NAN","NAN","NAN","NAN","NAN","NAN","NAN","NAN","NAN","NAN","NAN","NAN","CR1000_Mutum_ 20140228.dat",2014-02-26 18:00:00
"2014-2-27",0,"Mutum","Cropland","Feb",2014,"NAN","NAN","NAN","NAN","NAN","NAN","NAN","NAN","NAN","NAN","NAN","NAN","CR1000_Mutum_ 20140228.dat",2014-02-27 00:00:00
"2014-2-27",6,"Mutum","Cropland","Feb",2014,"NAN","NAN","NAN","NAN","NAN","NAN","NAN","NAN","NAN","NAN","NAN","NAN","CR1000_Mutum_ 20140228.dat",2014-02-27 06:00:00
"2014-2-27",12,"Mutum","Cropland","Feb",2014,"NAN","NAN","NAN","NAN","NAN","NAN","NAN","NAN","NAN","NAN","NAN","NAN","CR1000_Mutum_ 20140228.dat",2014-02-27 12:00:00
"2014-2-27",18,"Mutum","Cropland","Feb",2014,"NAN","NAN","NAN","NAN","NAN","NAN","NAN","NAN","NAN","NAN","NAN","NAN","CR1000_Mutum_ 20140228.dat",2014-02-27 18:00:00
"2014-2-28",0,"Mutum","Cropland","Feb",2014,"NAN","NAN","NAN","NAN","NAN","NAN","NAN","NAN","NAN","NAN","NAN","NAN","CR1000_Mutum_ 20140228.dat",2014-02-28 00:00:00
"2014-2-28",6,"Mutum","Cropland","Feb",2014,"NAN","NAN","NAN","NAN","NAN","NAN","NAN","NAN","NAN","NAN","NAN","NAN","CR1000_Mutum_ 20140228.dat",2014-02-28 06:00:00
"2015-1-16",12,"Mutum","Cropland","Jan",2015,"NAN","25.9","26.48","26.83","26.64","26.15","26.17","26.05","NAN","NAN","NAN","NAN","CR1000_Mutum_ 20150127.dat",2015-01-16 12:00:00
"2015-1-16",18,"Mutum","Cropland","Jan",2015,"NAN","26.66","26.38","26.97","26.81","26.36","26.25","26.16","NAN","NAN","NAN","NAN","CR1000_Mutum_ 20150127.dat",2015-01-16 18:00:00
"2015-1-17",0,"Mutum","Cropland","Jan",2015,"NAN","26.77","26.52","27.02","26.88","26.43","26.26","26.17","NAN","NAN","NAN","NAN","CR1000_Mutum_ 20150127.dat",2015-01-17 00:00:00
"2015-1-17",6,"Mutum","Cropland","Jan",2015,"NAN","25.78","26.42","26.95","26.84","26.37","26.25","26.16","NAN","NAN","NAN","NAN","CR1000_Mutum_ 20150127.dat",2015-01-17 06:00:00
"2015-1-17",12,"Mutum","Cropland","Jan",2015,"NAN","25.09","26.03","26.82","26.71","26.22","26.22","26.12","NAN","NAN","NAN","NAN","CR1000_Mutum_ 20150127.dat",2015-01-17 12:00:00
"2015-1-17",18,"Mutum","Cropland","Jan",2015,"NAN","25.88","25.85","26.87","26.83","26.38","26.24","26.18","NAN","NAN","NAN","NAN","CR1000_Mutum_ 20150127.dat",2015-01-17 18:00:00
"2015-1-18",0,"Mutum","Cropland","Jan",2015,"NAN","26.58","26.09","26.91","26.9","26.45","26.25","26.16","NAN","NAN","NAN","NAN","CR1000_Mutum_ 20150127.dat",2015-01-18 00:00:00
"2015-1-18",6,"Mutum","Cropland","Jan",2015,"NAN","25.78","26.14","26.83","26.86","26.38","26.25","26.16","NAN","NAN","NAN","NAN","CR1000_Mutum_ 20150127.dat",2015-01-18 06:00:00
"2015-1-18",12,"Mutum","Cropland","Jan",2015,"NAN","25.17","25.73","26.54","26.56","26.03","26.17","26.05","NAN","NAN","NAN","NAN","CR1000_Mutum_ 20150127.dat",2015-01-18 12:00:00
"2015-1-18",18,"Mutum","Cropland","Jan",2015,"NAN","26.93","25.9","26.76","26.88","26.48","26.22","26.14","NAN","NAN","NAN","NAN","CR1000_Mutum_ 20150127.dat",2015-01-18 18:00:00
"2015-1-19",0,"Mutum","Cropland","Jan",2015,"NAN","26.73","26.26","26.76","26.88","26.42","26.24","26.16","NAN","NAN","NAN","NAN","CR1000_Mutum_ 20150127.dat",2015-01-19 00:00:00
"2015-1-19",6,"Mutum","Cropland","Jan",2015,"NAN","25.64","26.23","26.71","26.86","26.38","26.24","26.15","NAN","NAN","NAN","NAN","CR1000_Mutum_ 20150127.dat",2015-01-19 06:00:00
"2015-1-19",12,"Mutum","Cropland","Jan",2015,"NAN","24.82","25.7","26.42","26.56","26.04","26.15","26.03","NAN","NAN","NAN","NAN","CR1000_Mutum_ 20150127.dat",2015-01-19 12:00:00
"2015-1-19",18,"Mutum","Cropland","Jan",2015,"NAN","26.57","25.84","26.72","26.93","26.53","26.24","26.16","NAN","NAN","NAN","NAN","CR1000_Mutum_ 20150127.dat",2015-01-19 18:00:00
"2015-1-20",0,"Mutum","Cropland","Jan",2015,"NAN","26.35","26.05","26.65","26.87","26.4","26.24","26.15","NAN","NAN","NAN","NAN","CR1000_Mutum_ 20150127.dat",2015-01-20 00:00:00
"2015-1-20",6,"Mutum","Cropland","Jan",2015,"NAN","25.47","26.04","26.62","26.87","26.4","26.24","26.16","NAN","NAN","NAN","NAN","CR1000_Mutum_ 20150127.dat",2015-01-20 06:00:00
"2015-1-20",12,"Mutum","Cropland","Jan",2015,"NAN","24.92","25.52","26.27","26.48","25.94","26.12","25.97","NAN","NAN","NAN","NAN","CR1000_Mutum_ 20150127.dat",2015-01-20 12:00:00
"2015-1-20",18,"Mutum","Cropland","Jan",2015,"NAN","26.98","25.61","26.45","26.77","26.37","26.2","26.16","NAN","NAN","NAN","NAN","CR1000_Mutum_ 20150127.dat",2015-01-20 18:00:00
"2015-1-21",0,"Mutum","Cropland","Jan",2015,"NAN","28.22","26.42","26.61","26.94","26.51","26.25","26.17","NAN","NAN","NAN","NAN","CR1000_Mutum_ 20150127.dat",2015-01-21 00:00:00
"2015-1-21",6,"Mutum","Cropland","Jan",2015,"NAN","27.13","26.73","26.54","26.86","26.4","26.24","26.14","NAN","NAN","NAN","NAN","CR1000_Mutum_ 20150127.dat",2015-01-21 06:00:00
"2015-1-21",12,"Mutum","Cropland","Jan",2015,"NAN","26.23","26.47","26.38","26.66","26.19","26.17","26.06","NAN","NAN","NAN","NAN","CR1000_Mutum_ 20150127.dat",2015-01-21 12:00:00
"2015-1-21",18,"Mutum","Cropland","Jan",2015,"NAN","26.63","26.46","26.56","26.83","26.4","26.23","26.14","NAN","NAN","NAN","NAN","CR1000_Mutum_ 20150127.dat",2015-01-21 18:00:00
"2015-1-22",0,"Mutum","Cropland","Jan",2015,"NAN","26.06","26.42","26.63","26.85","26.42","26.25","26.15","NAN","NAN","NAN","NAN","CR1000_Mutum_ 20150127.dat",2015-01-22 00:00:00
"2015-1-22",6,"Mutum","Cropland","Jan",2015,"NAN","25.02","26.15","26.64","26.85","26.42","26.25","26.16","NAN","NAN","NAN","NAN","CR1000_Mutum_ 20150127.dat",2015-01-22 06:00:00
"2015-1-22",12,"Mutum","Cropland","Jan",2015,"NAN","24.16","25.4","26.28","26.43","25.94","26.12","25.97","NAN","NAN","NAN","NAN","CR1000_Mutum_ 20150127.dat",2015-01-22 12:00:00
"2015-1-22",18,"Mutum","Cropland","Jan",2015,"NAN","26.33","25.35","26.54","26.83","26.48","26.25","26.23","NAN","NAN","NAN","NAN","CR1000_Mutum_ 20150127.dat",2015-01-22 18:00:00
"2015-1-23",0,"Mutum","Cropland","Jan",2015,"NAN","27.61","26.06","26.64","26.93","26.54","26.25","26.18","NAN","NAN","NAN","NAN","CR1000_Mutum_ 20150127.dat",2015-01-23 00:00:00
"2015-1-23",6,"Mutum","Cropland","Jan",2015,"NAN","26.57","26.36","26.54","26.83","26.41","26.24","26.15","NAN","NAN","NAN","NAN","CR1000_Mutum_ 20150127.dat",2015-01-23 06:00:00
"2015-1-23",12,"Mutum","Cropland","Jan",2015,"NAN","25.54","25.9","26.12","26.36","25.83","26.1","25.94","NAN","NAN","NAN","NAN","CR1000_Mutum_ 20150127.dat",2015-01-23 12:00:00
"2015-1-23",18,"Mutum","Cropland","Jan",2015,"NAN","27.21","26.13","26.54","26.87","26.54","26.22","26.14","NAN","NAN","NAN","NAN","CR1000_Mutum_ 20150127.dat",2015-01-23 18:00:00
"2015-1-24",0,"Mutum","Cropland","Jan",2015,"NAN","27.2","26.45","26.55","26.84","26.44","26.24","26.15","NAN","NAN","NAN","NAN","CR1000_Mutum_ 20150127.dat",2015-01-24 00:00:00
"2015-1-24",6,"Mutum","Cropland","Jan",2015,"NAN","26.22","26.47","26.53","26.81","26.41","26.24","26.14","NAN","NAN","NAN","NAN","CR1000_Mutum_ 20150127.dat",2015-01-24 06:00:00
"2015-1-24",12,"Mutum","Cropland","Jan",2015,"NAN","25.58","26.09","26.37","26.6","26.18","26.17","26.05","NAN","NAN","NAN","NAN","CR1000_Mutum_ 20150127.dat",2015-01-24 12:00:00
"2015-1-24",18,"Mutum","Cropland","Jan",2015,"NAN","26.54","26.15","26.6","26.85","26.51","26.23","26.15","NAN","NAN","NAN","NAN","CR1000_Mutum_ 20150127.dat",2015-01-24 18:00:00
"2015-1-25",0,"Mutum","Cropland","Jan",2015,"NAN","25.93","26.16","26.56","26.8","26.42","26.23","26.13","NAN","NAN","NAN","NAN","CR1000_Mutum_ 20150127.dat",2015-01-25 00:00:00
"2015-1-25",6,"Mutum","Cropland","Jan",2015,"NAN","25.09","25.97","26.56","26.79","26.41","26.23","26.13","NAN","NAN","NAN","NAN","CR1000_Mutum_ 20150127.dat",2015-01-25 06:00:00
"2015-1-25",12,"Mutum","Cropland","Jan",2015,"NAN","24.53","25.59","26.49","26.71","26.32","26.2","26.1","NAN","NAN","NAN","NAN","CR1000_Mutum_ 20150127.dat",2015-01-25 12:00:00
"2015-1-25",18,"Mutum","Cropland","Jan",2015,"NAN","25.09","25.35","26.48","26.76","26.42","26.21","26.13","NAN","NAN","NAN","NAN","CR1000_Mutum_ 20150127.dat",2015-01-25 18:00:00
"2015-1-26",0,"Mutum","Cropland","Jan",2015,"NAN","25.72","25.51","26.53","26.82","26.46","26.24","26.14","NAN","NAN","NAN","NAN","CR1000_Mutum_ 20150127.dat",2015-01-26 00:00:00
"2015-1-26",6,"Mutum","Cropland","Jan",2015,"NAN","25.2","25.57","26.46","26.8","26.42","26.24","26.14","NAN","NAN","NAN","NAN","CR1000_Mutum_ 20150127.dat",2015-01-26 06:00:00
"2015-1-26",12,"Mutum","Cropland","Jan",2015,"NAN","24.65","25.3","26.27","26.62","26.23","26.18","26.08","NAN","NAN","NAN","NAN","CR1000_Mutum_ 20150127.dat",2015-01-26 12:00:00
"2015-1-26",18,"Mutum","Cropland","Jan",2015,"NAN","25.74","25.26","26.29","26.7","26.38","26.21","26.13","NAN","NAN","NAN","NAN","CR1000_Mutum_ 20150127.dat",2015-01-26 18:00:00
"2015-1-27",0,"Mutum","Cropland","Jan",2015,"NAN","26.41","25.69","26.4","26.84","26.5","26.25","26.15","NAN","NAN","NAN","NAN","CR1000_Mutum_ 20150127.dat",2015-01-27 00:00:00
"2015-1-27",6,"Mutum","Cropland","Jan",2015,"NAN","25.63","25.82","26.33","26.79","26.42","26.24","26.14","NAN","NAN","NAN","NAN","CR1000_Mutum_ 20150127.dat",2015-01-27 06:00:00
"2015-1-27",12,"Mutum","Cropland","Jan",2015,"NAN","24.86","25.39","26.01","26.43","26.03","26.13","25.98","NAN","NAN","NAN","NAN","CR1000_Mutum_ 20150127.dat",2015-01-27 12:00:00
